-- phpMyAdmin SQL Dump
-- version 5.2.0
-- https://www.phpmyadmin.net/
--
-- Host: 127.0.0.1
-- Generation Time: Sep 09, 2022 at 04:58 PM
-- Server version: 10.4.24-MariaDB
-- PHP Version: 8.1.6

SET SQL_MODE = "NO_AUTO_VALUE_ON_ZERO";
START TRANSACTION;
SET time_zone = "+00:00";


/*!40101 SET @OLD_CHARACTER_SET_CLIENT=@@CHARACTER_SET_CLIENT */;
/*!40101 SET @OLD_CHARACTER_SET_RESULTS=@@CHARACTER_SET_RESULTS */;
/*!40101 SET @OLD_COLLATION_CONNECTION=@@COLLATION_CONNECTION */;
/*!40101 SET NAMES utf8mb4 */;

--
-- Database: `news_nonsense_ci`
--

-- --------------------------------------------------------

--
-- Table structure for table `advertisement`
--

CREATE TABLE `advertisement` (
  `id` int(11) NOT NULL,
  `name` varchar(255) NOT NULL,
  `email` varchar(255) NOT NULL,
  `company` varchar(255) NOT NULL,
  `website` varchar(255) NOT NULL,
  `address` varchar(255) NOT NULL,
  `contact` bigint(20) NOT NULL,
  `image` varchar(255) NOT NULL,
  `thumb` varchar(255) NOT NULL,
  `description` varchar(255) DEFAULT NULL,
  `location` tinyint(4) DEFAULT NULL,
  `status` tinyint(1) NOT NULL DEFAULT 0,
  `date` date DEFAULT NULL
) ENGINE=InnoDB DEFAULT CHARSET=utf8mb4;

--
-- Dumping data for table `advertisement`
--

INSERT INTO `advertisement` (`id`, `name`, `email`, `company`, `website`, `address`, `contact`, `image`, `thumb`, `description`, `location`, `status`, `date`) VALUES
(8, 'Abdul Karim', 'Abdul1954@gmail.com', 'Abdul Agency', 'http://fhh.com', 'sfsfwerwere efrwe', 1234567890, '631b419d8a4a2716.jpg', '631b419d8a4a2716.jpg', 'sdasf', 1, 1, '2022-09-09'),
(9, 'John Doe', 'johnd@yahoo.com', 'Doe&#039;s Dooghnuts', 'http://ddnuts.com', 'Dough County, England', 78945612307, '631b4b83c068c9896.png', '631b4b83c068c9896.png', 'Lorem Ipsum is simply dummy text of the printing and typesetting industry.', 2, 1, '2022-09-08'),
(10, 'Queen Elizabeth', 'queeny@hotmail.com', 'The Royal Family', 'http://trf.com', 'Windsor Castle', 1236547890, '631b4c63c54008068.png', '631b4c63c54008068.png', 'Lorem Ipsum has been the industry&#039;s standard dummy text ever since the 1500s,', 3, 1, '2022-09-07'),
(11, 'Asdf Qwerty', 'aq@keyboard.com', 'Keyboard', 'http://keyboard.com', 'Desktop Table', 36985214700, '631b4cd6b9f752223.png', '631b4cd6b9f752223.png', 'when an unknown printer took a galley of type and scrambled it to make a type.', 4, 1, '2022-09-06');

-- --------------------------------------------------------

--
-- Table structure for table `ad_location`
--

CREATE TABLE `ad_location` (
  `id` int(11) NOT NULL,
  `name` varchar(255) CHARACTER SET utf8mb4 NOT NULL
) ENGINE=InnoDB DEFAULT CHARSET=latin1;

--
-- Dumping data for table `ad_location`
--

INSERT INTO `ad_location` (`id`, `name`) VALUES
(1, 'header'),
(2, 'post_1'),
(3, 'post_2'),
(4, 'post_3');

-- --------------------------------------------------------

--
-- Table structure for table `category`
--

CREATE TABLE `category` (
  `id` int(11) NOT NULL,
  `name` varchar(255) NOT NULL
) ENGINE=InnoDB DEFAULT CHARSET=utf8mb4;

--
-- Dumping data for table `category`
--

INSERT INTO `category` (`id`, `name`) VALUES
(1, 'Sport'),
(2, 'Technology'),
(3, 'Business'),
(4, 'Entertainment'),
(5, 'Politics'),
(6, 'Environment');

-- --------------------------------------------------------

--
-- Table structure for table `comment`
--

CREATE TABLE `comment` (
  `id` int(11) NOT NULL,
  `name` varchar(255) NOT NULL,
  `email` varchar(255) NOT NULL,
  `message` text NOT NULL,
  `post_id` int(11) NOT NULL,
  `created_at` timestamp NOT NULL DEFAULT current_timestamp() ON UPDATE current_timestamp()
) ENGINE=InnoDB DEFAULT CHARSET=utf8mb4;

--
-- Dumping data for table `comment`
--

INSERT INTO `comment` (`id`, `name`, `email`, `message`, `post_id`, `created_at`) VALUES
(2, 'this', 'kamal@yahoo.com', 'This is my second test', 3, '2022-09-03 09:43:07'),
(3, 'Anonymous', 'abracadabra@gmail.com', 'He was truly a great leader indeed. Long Live RUSSIA.', 6, '2022-09-04 13:06:33'),
(4, 'Hitler', 'hitler@yahoo.com', 'That scar headed man again.', 6, '2022-09-04 13:08:44'),
(5, 'JohnDOe', 'jdoe@hotmail.com', 'Why is this news so short?', 6, '2022-09-04 13:12:23');

-- --------------------------------------------------------

--
-- Table structure for table `contact`
--

CREATE TABLE `contact` (
  `id` int(11) NOT NULL,
  `name` varchar(255) NOT NULL,
  `email` varchar(255) NOT NULL,
  `subject` varchar(255) NOT NULL,
  `message` text NOT NULL
) ENGINE=InnoDB DEFAULT CHARSET=utf8mb4;

--
-- Dumping data for table `contact`
--

INSERT INTO `contact` (`id`, `name`, `email`, `subject`, `message`) VALUES
(1, 'dfg', 'kamal@yahoo.com', 'sdfg', 'sdfg'),
(2, 'dfg', 'kamal@yahoo.com', 'sdf.,', 'm'),
(3, 'Abdul Hannan', 'rovalio@coldmail.com', 'Just Testing', 'Just some filler paragraph. Just some filler paragraph. Just some filler paragraph. Just some filler paragraph. Just some filler paragraph. Just some filler paragraph. Just some filler paragraph. Just some filler paragraph.');

-- --------------------------------------------------------

--
-- Table structure for table `media`
--

CREATE TABLE `media` (
  `id` int(11) NOT NULL,
  `caption` varchar(255) NOT NULL,
  `image` varchar(255) NOT NULL,
  `thumb` varchar(255) NOT NULL
) ENGINE=InnoDB DEFAULT CHARSET=utf8mb4;

--
-- Dumping data for table `media`
--

INSERT INTO `media` (`id`, `caption`, `image`, `thumb`) VALUES
(5, 'title 1', '63064787dfe542266.jpg', '63064787dfe542266.jpg'),
(6, 'title 2', '630f2f4a3d2279815.jpg', '630f2f4a3d2279815.jpg'),
(7, 'title 3', '630651e66fea75242.jpg', '630651e66fea75242.jpg'),
(8, 'title 4', '630f2f1a545308745.jpg', '630f2f1a545308745.jpg'),
(9, 'title 5', '630f3c00d14ad9978.jpg', '630f3c00d14ad9978.jpg'),
(10, 'title 6', '630f3c167dc054632.jpg', '630f3c167dc054632.jpg'),
(11, 'title 7', '630f3c2aef0483012.jpg', '630f3c2aef0483012.jpg'),
(12, 'dgfads', '631083bd7acd27823.jpg', '631083bd7acd27823.jpg'),
(13, 'gjgjgh', '631083d1dd89a7132.jpg', '631083d1dd89a7132.jpg'),
(14, 'rtyerty', '631083e78032b5796.jpg', '631083e78032b5796.jpg'),
(15, 'tetret', '631083f3ade506485.jpg', '631083f3ade506485.jpg'),
(16, 'nnmbn', '6310840ec06417685.jpg', '6310840ec06417685.jpg'),
(17, 'klhj', '6310842fa44b59585.jpg', '6310842fa44b59585.jpg'),
(18, 'vbcb', '6310843be0c721169.jpg', '6310843be0c721169.jpg'),
(19, 'zxczx', '631084481f6e37484.jpg', '631084481f6e37484.jpg'),
(20, 'pioi', '6310cc237def84181.jpg', '6310cc237def84181.jpg'),
(21, 'dfgd', '6310cc39d6a7f5665.jpg', '6310cc39d6a7f5665.jpg'),
(22, 'tyty', '6310cc4c364008102.jpg', '6310cc4c364008102.jpg'),
(23, 'ewer', '6310cdb7df7fa8873.jpg', '6310cdb7df7fa8873.jpg'),
(24, 'jkjk', '6310cdcd6a05e9041.jpg', '6310cdcd6a05e9041.jpg');

-- --------------------------------------------------------

--
-- Table structure for table `newsletter`
--

CREATE TABLE `newsletter` (
  `id` int(11) NOT NULL,
  `email` varchar(255) NOT NULL
) ENGINE=InnoDB DEFAULT CHARSET=utf8mb4;

--
-- Dumping data for table `newsletter`
--

INSERT INTO `newsletter` (`id`, `email`) VALUES
(1, 'abcd@efgh.com'),
(2, 'abracadabra@gmail.com');

-- --------------------------------------------------------

--
-- Table structure for table `post`
--

CREATE TABLE `post` (
  `id` int(11) NOT NULL,
  `title` varchar(255) NOT NULL,
  `description` text NOT NULL,
  `category` int(11) NOT NULL,
  `tag` varchar(255) NOT NULL,
  `image` varchar(255) NOT NULL,
  `featured` tinyint(1) DEFAULT NULL,
  `video` tinyint(1) DEFAULT NULL,
  `trending` tinyint(1) DEFAULT NULL,
  `spotlight` tinyint(1) DEFAULT NULL,
  `editorial` tinyint(1) DEFAULT NULL,
  `homemainnews` tinyint(1) DEFAULT NULL,
  `homemainnewsslider` tinyint(1) DEFAULT NULL,
  `homemorenews` tinyint(1) DEFAULT NULL,
  `catmainnews` tinyint(1) DEFAULT NULL,
  `catmainnewsslider` tinyint(1) DEFAULT NULL,
  `catmorenews` tinyint(1) DEFAULT NULL,
  `viewcount` bigint(20) NOT NULL,
  `created_at` timestamp NOT NULL DEFAULT current_timestamp() ON UPDATE current_timestamp()
) ENGINE=InnoDB DEFAULT CHARSET=utf8mb4;

--
-- Dumping data for table `post`
--

INSERT INTO `post` (`id`, `title`, `description`, `category`, `tag`, `image`, `featured`, `video`, `trending`, `spotlight`, `editorial`, `homemainnews`, `homemainnewsslider`, `homemorenews`, `catmainnews`, `catmainnewsslider`, `catmorenews`, `viewcount`, `created_at`) VALUES
(3, 'Law enforcement agencies most corrupt sector: TIB', '<p><span style=\"box-sizing: inherit; line-height: inherit; font-family: &quot;Tiempos Headline Medium&quot;, sans-serif; color: rgb(0, 0, 0); font-size: 18px; letter-spacing: 0.5px;\">Bangladesh\'s law enforcement agencies were the most corrupt in 2021, Transparency International Bangladesh said.</span><br></p>', 5, '4,2', '63064787dfe542266.jpg', NULL, NULL, NULL, NULL, NULL, NULL, 1, 1, 1, 1, 1, 37, '2022-09-09 14:43:58'),
(4, 'Demand for flats remains stable', '<p><span style=\"color: rgb(0, 0, 0); font-family: &quot;Tiempos Headline&quot;, sans-serif; font-size: 18px; letter-spacing: 0.5px;\">Both realtors and buyers have fallen into an uncomfortable situation due to the sudden increase in raw material prices amid the ongoing war in Ukraine, strain on foreign currency reserves, and rising inflation in the country.</span></p><p><iframe frameborder=\"0\" src=\"//www.youtube.com/embed/mRJVeE9agvM\" width=\"640\" height=\"360\" class=\"note-video-clip\"></iframe><span style=\"color: rgb(0, 0, 0); font-family: &quot;Tiempos Headline&quot;, sans-serif; font-size: 18px; letter-spacing: 0.5px;\"><br></span><br></p>', 3, '2,3,4', '6310cc4c364008102.jpg', 0, 1, 0, 0, 0, 0, 1, 1, 1, 0, 0, 7, '2022-09-09 13:35:36'),
(5, 'Himel Ashraf will direct ‘Maya’: Shakib Khan', '<p><span style=\"color: rgb(0, 0, 0); font-family: &quot;Tiempos Headline&quot;, sans-serif; font-size: 18px; letter-spacing: 0.5px;\">Superstar Shakib Khan\'s production, \"Maya\", received a government grant in the financial year of 2021-22. The film, which will star Puja Chery alongside the \'King of Dhallywood\', will be directed by Himel Ashraf—who will also be directing another production featuring the actor, which is titled \"Rajkumar\".</span><br></p>', 4, '3', '630f2f4a3d2279815.jpg', 1, 1, 1, NULL, NULL, NULL, 1, 1, 1, 1, 1, 4, '2022-09-09 14:16:28'),
(6, 'World reacts to death of last Soviet leader Mikhail Gorbachev', '<p><span style=\"box-sizing: inherit; line-height: inherit; font-family: &quot;Tiempos Headline Medium&quot;, sans-serif; color: rgb(0, 0, 0); font-size: 18px; letter-spacing: 0.5px; background-color: rgb(247, 247, 247);\">Mikhail Gorbachev, who ended the Cold War without bloodshed but failed to prevent the collapse of the Soviet Union, died on Tuesday at the age of 91, hospital officials in Moscow said.</span><br></p>', 1, '5', '630651e66fea75242.jpg', NULL, NULL, NULL, NULL, NULL, NULL, 1, 1, 1, 1, 1, 34, '2022-09-09 13:35:13'),
(8, 'RUSSIAN PRESIDENT VLADIMIR PUTIN', '<p><span style=\"color: rgb(0, 0, 0); font-family: &quot;Tiempos Headline&quot;, sans-serif; font-size: 18px; letter-spacing: 0.5px; background-color: rgb(247, 247, 247);\">He expressed \"his deepest condolences,\" his spokesman Dmitry Peskov told Interfax news agency. \"Tomorrow he will send a telegram of condolences to his family and friends.\"</span><br></p>', 2, '3', '630f3c00d14ad9978.jpg', NULL, NULL, NULL, NULL, NULL, 1, NULL, 1, 1, 1, 1, 7, '2022-09-09 14:21:11'),
(9, 'US PRESIDENT JOE BIDEN', '<p><span style=\"color: rgb(0, 0, 0); font-family: &quot;Tiempos Headline&quot;, sans-serif; font-size: 18px; letter-spacing: 0.5px; background-color: rgb(247, 247, 247);\">\"Mikhail Gorbachev was a man of remarkable vision... As leader of the USSR, he worked with President Reagan to reduce our two countries\' nuclear arsenals... After decades of brutal political repression, he embraced democratic reforms.</span><br></p>', 5, '5', '630f3c167dc054632.jpg', NULL, 1, NULL, NULL, NULL, 1, NULL, 1, 1, 1, 1, 5, '2022-09-09 13:34:56'),
(10, 'UN SECRETARY-GENERAL ANTONIO GUTERRES', '<p style=\"box-sizing: inherit; margin-right: 0px; margin-bottom: 1.22222em; margin-left: 0px; padding: 0px; font-size: 18px; text-rendering: optimizelegibility; line-height: inherit; letter-spacing: 0.5px; color: rgb(0, 0, 0); font-family: &quot;Tiempos Headline&quot;, sans-serif; background-color: rgb(247, 247, 247);\">\"I was deeply saddened to learn of the passing of Mikhail Gorbachev, a one-of-a kind statesman who changed the course of history. He did more than any other individual to bring about the peaceful end of the Cold War.</p><p style=\"box-sizing: inherit; margin-right: 0px; margin-bottom: 1.22222em; margin-left: 0px; padding: 0px; font-size: 18px; text-rendering: optimizelegibility; line-height: inherit; letter-spacing: 0.5px; color: rgb(0, 0, 0); font-family: &quot;Tiempos Headline&quot;, sans-serif; background-color: rgb(247, 247, 247);\">\"The world has lost a towering global leader, committed multilateralist, and tireless advocate for peace.\"</p>', 4, '4', '630651e66fea75242.jpg', NULL, NULL, 1, NULL, NULL, 1, NULL, 1, 1, 1, 1, 2, '2022-09-09 13:35:06'),
(12, 'WHO places Asia director on leave following bullying accusations', '<p style=\"box-sizing: inherit; margin-right: 0px; margin-bottom: 1.22222em; margin-left: 0px; padding: 0px; font-size: 18px; text-rendering: optimizelegibility; line-height: inherit; letter-spacing: 0.5px; color: rgb(0, 0, 0); font-family: &quot;Tiempos Headline&quot;, sans-serif; background-color: rgb(247, 247, 247);\"><span style=\"box-sizing: inherit; line-height: inherit; font-family: &quot;Tiempos Headline Medium&quot;, sans-serif;\">A senior World Health Organization director has been placed on leave, a spokesperson confirmed on Tuesday, following staff accusations of bullying and other complaints.</span></p><p style=\"box-sizing: inherit; margin-right: 0px; margin-bottom: 1.22222em; margin-left: 0px; padding: 0px; font-size: 18px; text-rendering: optimizelegibility; line-height: inherit; letter-spacing: 0.5px; color: rgb(0, 0, 0); font-family: &quot;Tiempos Headline&quot;, sans-serif; background-color: rgb(247, 247, 247);\">\"The Regional Director for the Western Pacific Region, Dr Takeshi Kasai, is on leave,\" a WHO official said in emailed comments, without giving details.</p>', 4, '5', '630f3c2aef0483012.jpg', 1, NULL, NULL, NULL, NULL, 1, NULL, 1, 1, 1, 1, 5, '2022-09-09 13:35:09'),
(14, 'Sabbir, Miraz to open against SL?', '<p style=\"box-sizing: inherit; margin-right: 0px; margin-bottom: 1.22222em; margin-left: 0px; padding: 0px; font-size: 18px; text-rendering: optimizelegibility; line-height: inherit; letter-spacing: 0.5px; color: rgb(0, 0, 0); font-family: &quot;Tiempos Headline&quot;, sans-serif;\">The Bangladesh team management are thinking of sending in Sabbir Rahman and Mehedi Hasan Miraz, neither of whom featured in the match against Afghanistan, as openers in the do-or-die fixture against Sri Lanka in Dubai today.</p><p style=\"box-sizing: inherit; margin-right: 0px; margin-bottom: 1.22222em; margin-left: 0px; padding: 0px; font-size: 18px; text-rendering: optimizelegibility; line-height: inherit; letter-spacing: 0.5px; color: rgb(0, 0, 0); font-family: &quot;Tiempos Headline&quot;, sans-serif;\">Sources close to the board confirmed that Sabbir and Miraz are likely to feature as openers due to the poor performance of Anamul Haque Bijoy and Mohammad Naim Sheikh in the seven-wicket defeat to Afghanistan.</p><p style=\"box-sizing: inherit; margin-right: 0px; margin-bottom: 1.22222em; margin-left: 0px; padding: 0px; font-size: 18px; text-rendering: optimizelegibility; line-height: inherit; letter-spacing: 0.5px; color: rgb(0, 0, 0); font-family: &quot;Tiempos Headline&quot;, sans-serif;\">During yesterday\'s press conference on the eve of the game, team director Khaled Mahmud too was left unhappy with the lack of intent shown by the batters in the Afghanistan game.</p><p style=\"box-sizing: inherit; margin-right: 0px; margin-bottom: 1.22222em; margin-left: 0px; padding: 0px; font-size: 18px; text-rendering: optimizelegibility; line-height: inherit; letter-spacing: 0.5px; color: rgb(0, 0, 0); font-family: &quot;Tiempos Headline&quot;, sans-serif;\">&nbsp;\"In the top-order, our biggest problem is that our opening pair is not clicking in any way. We have tried many pairs. Maybe we are missing Liton Das a lot this tournament. But we can\'t do anything about it since we aren\'t getting many players this tournament due to injuries. I am hoping that those who bat in the opening slots will bat according to their plans. You can get out trying to hit the very first delivery, but when we don\'t see that intent, it pains us greatly. I want to see that intent and I want that mindset to be honest,\" Mahmud said yesterday.</p><p style=\"box-sizing: inherit; margin-right: 0px; margin-bottom: 1.22222em; margin-left: 0px; padding: 0px; font-size: 18px; text-rendering: optimizelegibility; line-height: inherit; letter-spacing: 0.5px; color: rgb(0, 0, 0); font-family: &quot;Tiempos Headline&quot;, sans-serif;\">Despite getting quite a few loose deliveries, Bijoy, who came into the side having played his last T20I in 2015, failed to put most of them away. The 29-year-old has managed 90 runs in his seven innings at an average of 12.8 in T20Is since returning to the team.</p><p style=\"box-sizing: inherit; margin-right: 0px; margin-bottom: 1.22222em; margin-left: 0px; padding: 0px; font-size: 18px; text-rendering: optimizelegibility; line-height: inherit; letter-spacing: 0.5px; color: rgb(0, 0, 0); font-family: &quot;Tiempos Headline&quot;, sans-serif;\">&nbsp;\"He can\'t even get ball on bat,\" a source close to the board opined.</p><p style=\"box-sizing: inherit; margin-right: 0px; margin-bottom: 1.22222em; margin-left: 0px; padding: 0px; font-size: 18px; text-rendering: optimizelegibility; line-height: inherit; letter-spacing: 0.5px; color: rgb(0, 0, 0); font-family: &quot;Tiempos Headline&quot;, sans-serif;\">Naim had also been dropped after a poor run of form, but did not make his mark after returning for the Afghanistan game.</p><p style=\"box-sizing: inherit; margin-right: 0px; margin-bottom: 1.22222em; margin-left: 0px; padding: 0px; font-size: 18px; text-rendering: optimizelegibility; line-height: inherit; letter-spacing: 0.5px; color: rgb(0, 0, 0); font-family: &quot;Tiempos Headline&quot;, sans-serif;\">The Tigers had an optional training session yesterday and only Sabbir, Mehedi, Parvez Hossain Emon, Nasum Ahmed and Ebadot Hossain came in, accompanied by nets bowlers.</p><p style=\"box-sizing: inherit; margin-right: 0px; margin-bottom: 1.22222em; margin-left: 0px; padding: 0px; font-size: 18px; text-rendering: optimizelegibility; line-height: inherit; letter-spacing: 0.5px; color: rgb(0, 0, 0); font-family: &quot;Tiempos Headline&quot;, sans-serif;\">Sabbir was hitting the ball quite well in the nets yesterday, sending deliveries over the ropes on quite a few instances. The 30-year-old played his last T20I in 2019 at home.</p><p style=\"box-sizing: inherit; margin-right: 0px; margin-bottom: 1.22222em; margin-left: 0px; padding: 0px; font-size: 18px; text-rendering: optimizelegibility; line-height: inherit; letter-spacing: 0.5px; color: rgb(0, 0, 0); font-family: &quot;Tiempos Headline&quot;, sans-serif;\">The move to send in Sabbir appears to be a gamble but given the team\'s performances, the management are in disarray.</p><p style=\"box-sizing: inherit; margin-right: 0px; margin-bottom: 1.22222em; margin-left: 0px; padding: 0px; font-size: 18px; text-rendering: optimizelegibility; line-height: inherit; letter-spacing: 0.5px; color: rgb(0, 0, 0); font-family: &quot;Tiempos Headline&quot;, sans-serif;\">Meanwhile, changes to the bowling line-up could also be on offer.</p>', 6, '2', '631083e78032b5796.jpg', 1, NULL, 1, NULL, NULL, NULL, NULL, 1, 1, 1, 1, 6, '2022-09-09 14:45:12'),
(15, 'Govt to appoint consultant for Bay Terminal works', '<p style=\"box-sizing: inherit; margin-right: 0px; margin-bottom: 1.22222em; margin-left: 0px; padding: 0px; font-size: 18px; text-rendering: optimizelegibility; line-height: inherit; letter-spacing: 0.5px; color: rgb(0, 0, 0); font-family: &quot;Tiempos Headline&quot;, sans-serif; background-color: rgb(247, 247, 247);\"><span style=\"box-sizing: inherit; line-height: inherit; font-family: &quot;Tiempos Headline Medium&quot;, sans-serif;\">The government will appoint a German joint venture as the consultant for the construction of a breakwater and channel dredging work at the proposed Bay Terminal, a long-awaited project of Chattogram port.</span></p><p style=\"box-sizing: inherit; margin-right: 0px; margin-bottom: 1.22222em; margin-left: 0px; padding: 0px; font-size: 18px; text-rendering: optimizelegibility; line-height: inherit; letter-spacing: 0.5px; color: rgb(0, 0, 0); font-family: &quot;Tiempos Headline&quot;, sans-serif; background-color: rgb(247, 247, 247);\">The cabinet committee on public purchase yesterday approved the Chattogram Port Authority\'s (CPA\'s) proposal to appoint a joint venture of Sellhorn, WSP, KS and Aqua, Germany, as the consultant for the channel dredging and breakwater construction works of the Bay Terminal Construction Project at Tk 51.30 crore.</p><p style=\"box-sizing: inherit; margin-right: 0px; margin-bottom: 1.22222em; margin-left: 0px; padding: 0px; font-size: 18px; text-rendering: optimizelegibility; line-height: inherit; letter-spacing: 0.5px; color: rgb(0, 0, 0); font-family: &quot;Tiempos Headline&quot;, sans-serif; background-color: rgb(247, 247, 247);\">Once the terminal is operational, it will enable Chattogram port to operate round-the-clock vessel movement as the site is on the coast of the Bay of Bengal. Currently, vessel movement to and from the port through the Karnaphuli channel depends on high tides.</p><p style=\"box-sizing: inherit; margin-right: 0px; margin-bottom: 1.22222em; margin-left: 0px; padding: 0px; font-size: 18px; text-rendering: optimizelegibility; line-height: inherit; letter-spacing: 0.5px; color: rgb(0, 0, 0); font-family: &quot;Tiempos Headline&quot;, sans-serif; background-color: rgb(247, 247, 247);\">The terminal is being constructed on around 2,500 acres of land. It will have a length of 6.15 kilometres, stretching from the backside of the Chattogram Export Processing Zone (CEPZ) to Rasmonighat on the Halishahar coast of the Bay of Bengal.</p><p style=\"box-sizing: inherit; margin-right: 0px; margin-bottom: 1.22222em; margin-left: 0px; padding: 0px; font-size: 18px; text-rendering: optimizelegibility; line-height: inherit; letter-spacing: 0.5px; color: rgb(0, 0, 0); font-family: &quot;Tiempos Headline&quot;, sans-serif; background-color: rgb(247, 247, 247);\">Talks on the Bay Terminal project began in 2011 as the prospect of building a mega container terminal emerged after an 11km long natural island surfaced from the seabed near the Halishahar coast, creating a natural channel for vessel movement.</p><p style=\"box-sizing: inherit; margin-right: 0px; margin-bottom: 1.22222em; margin-left: 0px; padding: 0px; font-size: 18px; text-rendering: optimizelegibility; line-height: inherit; letter-spacing: 0.5px; color: rgb(0, 0, 0); font-family: &quot;Tiempos Headline&quot;, sans-serif; background-color: rgb(247, 247, 247);\">CPA Chairman Rear Admiral Mohammad Shahjahan told The Daily Star yesterday that there are two parts of construction to build the terminal: one is jetty-related and the other is breakwater construction and channel dredging.</p><p style=\"box-sizing: inherit; margin-right: 0px; margin-bottom: 1.22222em; margin-left: 0px; padding: 0px; font-size: 18px; text-rendering: optimizelegibility; line-height: inherit; letter-spacing: 0.5px; color: rgb(0, 0, 0); font-family: &quot;Tiempos Headline&quot;, sans-serif; background-color: rgb(247, 247, 247);\">The natural island would be raised to form a breakwater to protect the port channel from strong waves while dredging is required for enhancing its depth.</p><p style=\"box-sizing: inherit; margin-right: 0px; margin-bottom: 1.22222em; margin-left: 0px; padding: 0px; font-size: 18px; text-rendering: optimizelegibility; line-height: inherit; letter-spacing: 0.5px; color: rgb(0, 0, 0); font-family: &quot;Tiempos Headline&quot;, sans-serif; background-color: rgb(247, 247, 247);\">\"The German consultancy firm will conduct a feasibility study and detail drawings and designs on that part of the construction, and later, it will also monitor the construction work,\" Shahjahan said.</p><p style=\"box-sizing: inherit; margin-right: 0px; margin-bottom: 1.22222em; margin-left: 0px; padding: 0px; font-size: 18px; text-rendering: optimizelegibility; line-height: inherit; letter-spacing: 0.5px; color: rgb(0, 0, 0); font-family: &quot;Tiempos Headline&quot;, sans-serif; background-color: rgb(247, 247, 247);\">In August 2016, the CPA appointed a joint venture comprised of two German firms -- Sellhorn Ingenieurgesellschaft mbH and HPC Hamburg Port Consulting GmbH -- and a Bangladeshi firm, KS Consultants Limited, to conduct a feasibility study on the Bay Terminal project.</p><p style=\"box-sizing: inherit; margin-right: 0px; margin-bottom: 1.22222em; margin-left: 0px; padding: 0px; font-size: 18px; text-rendering: optimizelegibility; line-height: inherit; letter-spacing: 0.5px; color: rgb(0, 0, 0); font-family: &quot;Tiempos Headline&quot;, sans-serif; background-color: rgb(247, 247, 247);\">The joint venture submitted the report and a master plan in 2017, describing the project as economically and technically viable. Although the business community has long been demanding that the authorities begin the project as a part of the much-needed expansion of the country\'s premier seaport, it got delayed.</p><p style=\"box-sizing: inherit; margin-right: 0px; margin-bottom: 1.22222em; margin-left: 0px; padding: 0px; font-size: 18px; text-rendering: optimizelegibility; line-height: inherit; letter-spacing: 0.5px; color: rgb(0, 0, 0); font-family: &quot;Tiempos Headline&quot;, sans-serif; background-color: rgb(247, 247, 247);\">It was initially decided that one single firm would build the whole terminal under the Public-Private Partnership (PPP) model. To speed up implementation, the government later decided to divide the project into three parts.</p><p style=\"box-sizing: inherit; margin-right: 0px; margin-bottom: 1.22222em; margin-left: 0px; padding: 0px; font-size: 18px; text-rendering: optimizelegibility; line-height: inherit; letter-spacing: 0.5px; color: rgb(0, 0, 0); font-family: &quot;Tiempos Headline&quot;, sans-serif; background-color: rgb(247, 247, 247);\">As per the new decision, the CPA will construct a multipurpose terminal while two container terminals will be set up under the PPP model.</p><p style=\"box-sizing: inherit; margin-right: 0px; margin-bottom: 1.22222em; margin-left: 0px; padding: 0px; font-size: 18px; text-rendering: optimizelegibility; line-height: inherit; letter-spacing: 0.5px; color: rgb(0, 0, 0); font-family: &quot;Tiempos Headline&quot;, sans-serif; background-color: rgb(247, 247, 247);\">Five international port giants, including PSA Singapore, China Merchants Sports Holding Company Ltd, Dubai Ports (DP) World of the UAE, and International Port Development Co-operation of Korea, have expressed interest in funding and constructing the mega project.</p><p style=\"box-sizing: inherit; margin-right: 0px; margin-bottom: 1.22222em; margin-left: 0px; padding: 0px; font-size: 18px; text-rendering: optimizelegibility; line-height: inherit; letter-spacing: 0.5px; color: rgb(0, 0, 0); font-family: &quot;Tiempos Headline&quot;, sans-serif; background-color: rgb(247, 247, 247);\">Top officials of DP World that met with State Minister for Shipping Khalid Mahmud Chowdhury at his office in Dhaka on August 23 expressed interest in the Chittagong Sea Port, its bay-terminal operations and integrated logistics support.</p><p style=\"box-sizing: inherit; margin-right: 0px; margin-bottom: 1.22222em; margin-left: 0px; padding: 0px; font-size: 18px; text-rendering: optimizelegibility; line-height: inherit; letter-spacing: 0.5px; color: rgb(0, 0, 0); font-family: &quot;Tiempos Headline&quot;, sans-serif; background-color: rgb(247, 247, 247);\">Other approved projects</p><p style=\"box-sizing: inherit; margin-right: 0px; margin-bottom: 1.22222em; margin-left: 0px; padding: 0px; font-size: 18px; text-rendering: optimizelegibility; line-height: inherit; letter-spacing: 0.5px; color: rgb(0, 0, 0); font-family: &quot;Tiempos Headline&quot;, sans-serif; background-color: rgb(247, 247, 247);\">The cabinet committee meeting also approved the appointment of a Chinese company for maintenance and toll collection of the \"Bangabandhu Sheikh Mujibur Rahman Tunnel\" built under the Karnaphuli river in Chattogram.</p><p style=\"box-sizing: inherit; margin-right: 0px; margin-bottom: 1.22222em; margin-left: 0px; padding: 0px; font-size: 18px; text-rendering: optimizelegibility; line-height: inherit; letter-spacing: 0.5px; color: rgb(0, 0, 0); font-family: &quot;Tiempos Headline&quot;, sans-serif; background-color: rgb(247, 247, 247);\">The same China Communications Construction Company Ltd, which is building the underwater tunnel, was appointed to provide the service for five years at a cost of Tk 983.82 crore.</p><p style=\"box-sizing: inherit; margin-right: 0px; margin-bottom: 1.22222em; margin-left: 0px; padding: 0px; font-size: 18px; text-rendering: optimizelegibility; line-height: inherit; letter-spacing: 0.5px; color: rgb(0, 0, 0); font-family: &quot;Tiempos Headline&quot;, sans-serif; background-color: rgb(247, 247, 247);\">The deadline for the project is December this year.</p><p style=\"box-sizing: inherit; margin-right: 0px; margin-bottom: 1.22222em; margin-left: 0px; padding: 0px; font-size: 18px; text-rendering: optimizelegibility; line-height: inherit; letter-spacing: 0.5px; color: rgb(0, 0, 0); font-family: &quot;Tiempos Headline&quot;, sans-serif; background-color: rgb(247, 247, 247);\">The committee also approved the purchase of physical works of three underpasses on the Dhaka-Chattogram highway and U-loop at Paduar Bazar intersection from a joint venture of National Development Engineers Ltd and Hasan Techno Builders Ltd for Tk 289.75 crore.</p>', 6, '3', '6310840ec06417685.jpg', 1, 1, 1, NULL, NULL, NULL, NULL, 1, 1, 1, 1, 0, '2022-09-04 11:11:06'),
(16, 'Forex reserve falls to $39.05b', '<p style=\"box-sizing: inherit; margin-right: 0px; margin-bottom: 1.22222em; margin-left: 0px; padding: 0px; font-size: 18px; text-rendering: optimizelegibility; line-height: inherit; letter-spacing: 0.5px; color: rgb(0, 0, 0); font-family: &quot;Tiempos Headline&quot;, sans-serif; background-color: rgb(247, 247, 247);\">The latest drop in the reserves will create pressure on the exchange rate of the taka against the US dollar further, a Bangladesh Bank official said.</p><p style=\"box-sizing: inherit; margin-right: 0px; margin-bottom: 1.22222em; margin-left: 0px; padding: 0px; font-size: 18px; text-rendering: optimizelegibility; line-height: inherit; letter-spacing: 0.5px; color: rgb(0, 0, 0); font-family: &quot;Tiempos Headline&quot;, sans-serif; background-color: rgb(247, 247, 247);\">The fall of taka\'s exchange rate means import payments will swell further, which will hike the price of imported commodities.</p><p style=\"box-sizing: inherit; margin-right: 0px; margin-bottom: 1.22222em; margin-left: 0px; padding: 0px; font-size: 18px; text-rendering: optimizelegibility; line-height: inherit; letter-spacing: 0.5px; color: rgb(0, 0, 0); font-family: &quot;Tiempos Headline&quot;, sans-serif; background-color: rgb(247, 247, 247);\">In the last three days, the banking watchdog had sold $367 million to different banks to help both the governments and businesses settle import bills for essential commodities, the official said.</p><p style=\"box-sizing: inherit; margin-right: 0px; margin-bottom: 1.22222em; margin-left: 0px; padding: 0px; font-size: 18px; text-rendering: optimizelegibility; line-height: inherit; letter-spacing: 0.5px; color: rgb(0, 0, 0); font-family: &quot;Tiempos Headline&quot;, sans-serif; background-color: rgb(247, 247, 247);\">Between July and August, around $2.50 billion were supplied to the market by the central bank from its reserves.</p><p style=\"box-sizing: inherit; margin-right: 0px; margin-bottom: 1.22222em; margin-left: 0px; padding: 0px; font-size: 18px; text-rendering: optimizelegibility; line-height: inherit; letter-spacing: 0.5px; color: rgb(0, 0, 0); font-family: &quot;Tiempos Headline&quot;, sans-serif; background-color: rgb(247, 247, 247);\">It also injected a record of $7.62 billion into the market in the last fiscal year.</p><p style=\"box-sizing: inherit; margin-right: 0px; margin-bottom: 1.22222em; margin-left: 0px; padding: 0px; font-size: 18px; text-rendering: optimizelegibility; line-height: inherit; letter-spacing: 0.5px; color: rgb(0, 0, 0); font-family: &quot;Tiempos Headline&quot;, sans-serif; background-color: rgb(247, 247, 247);\">The exchange rate of the taka against the US dollar stood at Tk 95 yesterday, up 11.5 per cent year-on-year.</p><p style=\"box-sizing: inherit; margin-right: 0px; margin-bottom: 1.22222em; margin-left: 0px; padding: 0px; font-size: 18px; text-rendering: optimizelegibility; line-height: inherit; letter-spacing: 0.5px; color: rgb(0, 0, 0); font-family: &quot;Tiempos Headline&quot;, sans-serif; background-color: rgb(247, 247, 247);\">The exchange rate for the importers, however, experienced an around 20 per cent year-on-year fall.</p><p style=\"box-sizing: inherit; margin-right: 0px; margin-bottom: 1.22222em; margin-left: 0px; padding: 0px; font-size: 18px; text-rendering: optimizelegibility; line-height: inherit; letter-spacing: 0.5px; color: rgb(0, 0, 0); font-family: &quot;Tiempos Headline&quot;, sans-serif; background-color: rgb(247, 247, 247);\">The BB official said the reserves might fall below $39 billion in a day or two, after which it might further deteriorate substantially in the second week of this month when the central bank will clear payments for Asian Clearing Union (ACU).</p><p style=\"box-sizing: inherit; margin-right: 0px; margin-bottom: 1.22222em; margin-left: 0px; padding: 0px; font-size: 18px; text-rendering: optimizelegibility; line-height: inherit; letter-spacing: 0.5px; color: rgb(0, 0, 0); font-family: &quot;Tiempos Headline&quot;, sans-serif; background-color: rgb(247, 247, 247);\">The ACU is an arrangement by which the participants settle payments for intra-regional transactions among the participating central banks on a net multilateral basis.</p><p style=\"box-sizing: inherit; margin-right: 0px; margin-bottom: 1.22222em; margin-left: 0px; padding: 0px; font-size: 18px; text-rendering: optimizelegibility; line-height: inherit; letter-spacing: 0.5px; color: rgb(0, 0, 0); font-family: &quot;Tiempos Headline&quot;, sans-serif; background-color: rgb(247, 247, 247);\">Bangladesh, Bhutan, India, Iran, the Maldives, Myanmar, Nepal, Pakistan and Sri Lanka are the members of the Tehran-headquartered ACU that was established in December of 1974.</p><p style=\"box-sizing: inherit; margin-right: 0px; margin-bottom: 1.22222em; margin-left: 0px; padding: 0px; font-size: 18px; text-rendering: optimizelegibility; line-height: inherit; letter-spacing: 0.5px; color: rgb(0, 0, 0); font-family: &quot;Tiempos Headline&quot;, sans-serif; background-color: rgb(247, 247, 247);\">Remittance is now maintaining an upward trend, but it has failed to protect the reserves from the fall because of the high import payments against the slower-than-expected export earnings, the official said.</p><p style=\"box-sizing: inherit; margin-right: 0px; margin-bottom: 1.22222em; margin-left: 0px; padding: 0px; font-size: 18px; text-rendering: optimizelegibility; line-height: inherit; letter-spacing: 0.5px; color: rgb(0, 0, 0); font-family: &quot;Tiempos Headline&quot;, sans-serif; background-color: rgb(247, 247, 247);\">Migrant workers sent $1.72 billion in remittance in the first 25 days of August after they had logged the outflow to the tune of $2.09 billion in July.</p><p style=\"box-sizing: inherit; margin-right: 0px; margin-bottom: 1.22222em; margin-left: 0px; padding: 0px; font-size: 18px; text-rendering: optimizelegibility; line-height: inherit; letter-spacing: 0.5px; color: rgb(0, 0, 0); font-family: &quot;Tiempos Headline&quot;, sans-serif; background-color: rgb(247, 247, 247);\">Import bills rose 63 per cent year-on-year to $7.66 billion in July when export earnings grew by 15 per cent to $3.98 billion, data from BB and the Export Promotion Bureau showed.</p>', 6, '4', '631084481f6e37484.jpg', 1, NULL, 1, NULL, NULL, NULL, NULL, 1, 1, 1, 1, 0, '2022-09-04 10:58:53'),
(17, 'Labour rights, compliance must to boost exports: Rehman Sobhan', '<p style=\"box-sizing: inherit; margin-right: 0px; margin-bottom: 1.22222em; margin-left: 0px; padding: 0px; font-size: 18px; text-rendering: optimizelegibility; line-height: inherit; letter-spacing: 0.5px; color: rgb(0, 0, 0); font-family: &quot;Tiempos Headline&quot;, sans-serif; background-color: rgb(247, 247, 247);\">Bangladesh needs to ensure labour rights to comply with global standards and enhance productivity to tap the opportunity being created by the shifting of orders from China and many other markets, a noted economist said yesterday.</p><p style=\"box-sizing: inherit; margin-right: 0px; margin-bottom: 1.22222em; margin-left: 0px; padding: 0px; font-size: 18px; text-rendering: optimizelegibility; line-height: inherit; letter-spacing: 0.5px; color: rgb(0, 0, 0); font-family: &quot;Tiempos Headline&quot;, sans-serif; background-color: rgb(247, 247, 247);\">If the rights upgradations are brought about, international retailers, brands and particularly the European Union (EU) will not be able to raise questions about compliance while placing work orders, according to Rehman Sobhan, chairman of the Centre for Policy Dialogue (CPD).</p><p style=\"box-sizing: inherit; margin-right: 0px; margin-bottom: 1.22222em; margin-left: 0px; padding: 0px; font-size: 18px; text-rendering: optimizelegibility; line-height: inherit; letter-spacing: 0.5px; color: rgb(0, 0, 0); font-family: &quot;Tiempos Headline&quot;, sans-serif; background-color: rgb(247, 247, 247);\">The same will be the case during reinstatement of the United States\' generalised system of preferences (GSP), he said.</p><p style=\"box-sizing: inherit; margin-right: 0px; margin-bottom: 1.22222em; margin-left: 0px; padding: 0px; font-size: 18px; text-rendering: optimizelegibility; line-height: inherit; letter-spacing: 0.5px; color: rgb(0, 0, 0); font-family: &quot;Tiempos Headline&quot;, sans-serif; background-color: rgb(247, 247, 247);\">\"We have already seen the opportunity has opened up for Bangladesh,\" Sobhan added.</p><p style=\"box-sizing: inherit; margin-right: 0px; margin-bottom: 1.22222em; margin-left: 0px; padding: 0px; font-size: 18px; text-rendering: optimizelegibility; line-height: inherit; letter-spacing: 0.5px; color: rgb(0, 0, 0); font-family: &quot;Tiempos Headline&quot;, sans-serif; background-color: rgb(247, 247, 247);\">He was speaking at a discussion, styled \"Debate on recent export growth and decent employment in RMG industry: a UNGPs perspective\", jointly organised by the CPD and the Christian Aid at the Brac Centre Inn in Dhaka.</p><p style=\"box-sizing: inherit; margin-right: 0px; margin-bottom: 1.22222em; margin-left: 0px; padding: 0px; font-size: 18px; text-rendering: optimizelegibility; line-height: inherit; letter-spacing: 0.5px; color: rgb(0, 0, 0); font-family: &quot;Tiempos Headline&quot;, sans-serif; background-color: rgb(247, 247, 247);\">Government high-ups, business leaders, trade union leaders, exporters and researchers participated in the event.</p><p style=\"box-sizing: inherit; margin-right: 0px; margin-bottom: 1.22222em; margin-left: 0px; padding: 0px; font-size: 18px; text-rendering: optimizelegibility; line-height: inherit; letter-spacing: 0.5px; color: rgb(0, 0, 0); font-family: &quot;Tiempos Headline&quot;, sans-serif; background-color: rgb(247, 247, 247);\">Increasing questions are coming from the international community, particularly now from the EU, whether Bangladesh would be able to retain some of export privileges after the status graduation from a least-developed country, said Sobhan.</p><p style=\"box-sizing: inherit; margin-right: 0px; margin-bottom: 1.22222em; margin-left: 0px; padding: 0px; font-size: 18px; text-rendering: optimizelegibility; line-height: inherit; letter-spacing: 0.5px; color: rgb(0, 0, 0); font-family: &quot;Tiempos Headline&quot;, sans-serif; background-color: rgb(247, 247, 247);\">In order to retain the trade benefit, the country will have to fully comply with global labour standards, he added.</p><p style=\"box-sizing: inherit; margin-right: 0px; margin-bottom: 1.22222em; margin-left: 0px; padding: 0px; font-size: 18px; text-rendering: optimizelegibility; line-height: inherit; letter-spacing: 0.5px; color: rgb(0, 0, 0); font-family: &quot;Tiempos Headline&quot;, sans-serif; background-color: rgb(247, 247, 247);\">This means Bangladesh has to constantly put emphasis on labour rights, including universalisation of trade unionisation, so that the labour rights are appropriately protected, he said.</p><p style=\"box-sizing: inherit; margin-right: 0px; margin-bottom: 1.22222em; margin-left: 0px; padding: 0px; font-size: 18px; text-rendering: optimizelegibility; line-height: inherit; letter-spacing: 0.5px; color: rgb(0, 0, 0); font-family: &quot;Tiempos Headline&quot;, sans-serif; background-color: rgb(247, 247, 247);\">This could have consequences for terms and conditions in participating in future export markets in the EU and possibly it may be even important on the renewal of the GSP status in the US markets, he said.</p><p style=\"box-sizing: inherit; margin-right: 0px; margin-bottom: 1.22222em; margin-left: 0px; padding: 0px; font-size: 18px; text-rendering: optimizelegibility; line-height: inherit; letter-spacing: 0.5px; color: rgb(0, 0, 0); font-family: &quot;Tiempos Headline&quot;, sans-serif; background-color: rgb(247, 247, 247);\">Sobhan suggested that the government make public information on labour rights involving civil society and union leaders to identify gaps that need to be addressed.</p><p style=\"box-sizing: inherit; margin-right: 0px; margin-bottom: 1.22222em; margin-left: 0px; padding: 0px; font-size: 18px; text-rendering: optimizelegibility; line-height: inherit; letter-spacing: 0.5px; color: rgb(0, 0, 0); font-family: &quot;Tiempos Headline&quot;, sans-serif; background-color: rgb(247, 247, 247);\">\"Now the gaps are not significant. I am really quite impressed that the industry has made progress in many of the areas when there are very considerable areas to be covered particularly with regards to the condition of work,\" the economist also said.</p><p style=\"box-sizing: inherit; margin-right: 0px; margin-bottom: 1.22222em; margin-left: 0px; padding: 0px; font-size: 18px; text-rendering: optimizelegibility; line-height: inherit; letter-spacing: 0.5px; color: rgb(0, 0, 0); font-family: &quot;Tiempos Headline&quot;, sans-serif; background-color: rgb(247, 247, 247);\">The CPD chairman also suggested further improvement of working conditions for female workers as the number of female workers was gradually declining in the garment sector.</p><p style=\"box-sizing: inherit; margin-right: 0px; margin-bottom: 1.22222em; margin-left: 0px; padding: 0px; font-size: 18px; text-rendering: optimizelegibility; line-height: inherit; letter-spacing: 0.5px; color: rgb(0, 0, 0); font-family: &quot;Tiempos Headline&quot;, sans-serif; background-color: rgb(247, 247, 247);\">Commerce Minister Tipu Munshi said a study was needed to see whether recent inflows of work orders for garment export were permanent.</p><p style=\"box-sizing: inherit; margin-right: 0px; margin-bottom: 1.22222em; margin-left: 0px; padding: 0px; font-size: 18px; text-rendering: optimizelegibility; line-height: inherit; letter-spacing: 0.5px; color: rgb(0, 0, 0); font-family: &quot;Tiempos Headline&quot;, sans-serif; background-color: rgb(247, 247, 247);\">Because with the recovery of the global supply chain from the severe fallouts of Covid-19, a lot of work orders came to Bangladesh as the international retailers and brands placed their old orders here, he said.</p><p style=\"box-sizing: inherit; margin-right: 0px; margin-bottom: 1.22222em; margin-left: 0px; padding: 0px; font-size: 18px; text-rendering: optimizelegibility; line-height: inherit; letter-spacing: 0.5px; color: rgb(0, 0, 0); font-family: &quot;Tiempos Headline&quot;, sans-serif; background-color: rgb(247, 247, 247);\">However, with the outbreak of the Russia-Ukraine war, the inflow of work orders had slowed down to some extent, he said.</p><p style=\"box-sizing: inherit; margin-right: 0px; margin-bottom: 1.22222em; margin-left: 0px; padding: 0px; font-size: 18px; text-rendering: optimizelegibility; line-height: inherit; letter-spacing: 0.5px; color: rgb(0, 0, 0); font-family: &quot;Tiempos Headline&quot;, sans-serif; background-color: rgb(247, 247, 247);\">Munshi also supported allowing the formation of trade unions in factories, on the condition that union leaders and workers become well aware of their duties.</p><p style=\"box-sizing: inherit; margin-right: 0px; margin-bottom: 1.22222em; margin-left: 0px; padding: 0px; font-size: 18px; text-rendering: optimizelegibility; line-height: inherit; letter-spacing: 0.5px; color: rgb(0, 0, 0); font-family: &quot;Tiempos Headline&quot;, sans-serif; background-color: rgb(247, 247, 247);\">Md Shahidullah Azim, vice-president of the Bangladesh Garment Manufacturers and Exporters Association (BGMEA), said the number of female workers was declining in the sector because \"many got married\" and did not return to work.</p><p style=\"box-sizing: inherit; margin-right: 0px; margin-bottom: 1.22222em; margin-left: 0px; padding: 0px; font-size: 18px; text-rendering: optimizelegibility; line-height: inherit; letter-spacing: 0.5px; color: rgb(0, 0, 0); font-family: &quot;Tiempos Headline&quot;, sans-serif; background-color: rgb(247, 247, 247);\">Moreover, because of automation in production and computer-aided designs, the requirement for female helpers and workers in factories had also reduced drastically, he said.</p><p style=\"box-sizing: inherit; margin-right: 0px; margin-bottom: 1.22222em; margin-left: 0px; padding: 0px; font-size: 18px; text-rendering: optimizelegibility; line-height: inherit; letter-spacing: 0.5px; color: rgb(0, 0, 0); font-family: &quot;Tiempos Headline&quot;, sans-serif; background-color: rgb(247, 247, 247);\">Currently, 1,134 garment factories have trade unions and many do not want unionism because most workers are not well aware of union rules, Azim said.</p><p style=\"box-sizing: inherit; margin-right: 0px; margin-bottom: 1.22222em; margin-left: 0px; padding: 0px; font-size: 18px; text-rendering: optimizelegibility; line-height: inherit; letter-spacing: 0.5px; color: rgb(0, 0, 0); font-family: &quot;Tiempos Headline&quot;, sans-serif; background-color: rgb(247, 247, 247);\">Montu Ghosh, president of Garments Workers Trade Union Centre, said the government is not giving priority to wage hikes for workers although the prices of essential commodities increased in local markets.</p><p style=\"box-sizing: inherit; margin-right: 0px; margin-bottom: 1.22222em; margin-left: 0px; padding: 0px; font-size: 18px; text-rendering: optimizelegibility; line-height: inherit; letter-spacing: 0.5px; color: rgb(0, 0, 0); font-family: &quot;Tiempos Headline&quot;, sans-serif; background-color: rgb(247, 247, 247);\">He said a majority of parliament members were, in one way or the other, owners of industries and they were not much interested in discussing labour rights and minimum wage issues in parliament.</p><p style=\"box-sizing: inherit; margin-right: 0px; margin-bottom: 1.22222em; margin-left: 0px; padding: 0px; font-size: 18px; text-rendering: optimizelegibility; line-height: inherit; letter-spacing: 0.5px; color: rgb(0, 0, 0); font-family: &quot;Tiempos Headline&quot;, sans-serif; background-color: rgb(247, 247, 247);\">In a keynote presentation, Khondaker Golam Moazzem, research director of the CPD, said Bangladesh has been experiencing an extraordinary increase in exports, particularly since September last year.</p><p style=\"box-sizing: inherit; margin-right: 0px; margin-bottom: 1.22222em; margin-left: 0px; padding: 0px; font-size: 18px; text-rendering: optimizelegibility; line-height: inherit; letter-spacing: 0.5px; color: rgb(0, 0, 0); font-family: &quot;Tiempos Headline&quot;, sans-serif; background-color: rgb(247, 247, 247);\">Despite the recruitment of additional workers, factories are still short of workers given the high volume of work orders received by the factories, he said.</p><p style=\"box-sizing: inherit; margin-right: 0px; margin-bottom: 1.22222em; margin-left: 0px; padding: 0px; font-size: 18px; text-rendering: optimizelegibility; line-height: inherit; letter-spacing: 0.5px; color: rgb(0, 0, 0); font-family: &quot;Tiempos Headline&quot;, sans-serif; background-color: rgb(247, 247, 247);\">A rise in export orders led to a rise in workers\' wage, he said, adding that, however, workers were not benefitting much because their monthly expenditure had substantially increased as inflation went up in local markets.&nbsp;</p>', 1, '3', '6310842fa44b59585.jpg', NULL, NULL, NULL, 1, NULL, NULL, NULL, 1, 1, 1, 1, 2, '2022-09-09 13:36:04'),
(18, 'Stocks rise for another day', '<p style=\"box-sizing: inherit; margin-right: 0px; margin-bottom: 1.22222em; margin-left: 0px; padding: 0px; font-size: 18px; text-rendering: optimizelegibility; line-height: inherit; letter-spacing: 0.5px; color: rgb(0, 0, 0); font-family: &quot;Tiempos Headline&quot;, sans-serif; text-align: justify; background-color: rgb(247, 247, 247);\">Dhaka and Chattogram stock exchanges climbed for another day yesterday as a number of recent developments gave a boost to investors\' confidence.&nbsp;&nbsp;</p><p style=\"box-sizing: inherit; margin-right: 0px; margin-bottom: 1.22222em; margin-left: 0px; padding: 0px; font-size: 18px; text-rendering: optimizelegibility; line-height: inherit; letter-spacing: 0.5px; color: rgb(0, 0, 0); font-family: &quot;Tiempos Headline&quot;, sans-serif; text-align: justify; background-color: rgb(247, 247, 247);\">The DSEX, the benchmark index of the Dhaka Stock Exchange, advanced 24 points, or 0.38 per cent, to close at 6,457, the rise for the fifth consecutive day.&nbsp;&nbsp;</p><p style=\"box-sizing: inherit; margin-right: 0px; margin-bottom: 1.22222em; margin-left: 0px; padding: 0px; font-size: 18px; text-rendering: optimizelegibility; line-height: inherit; letter-spacing: 0.5px; color: rgb(0, 0, 0); font-family: &quot;Tiempos Headline&quot;, sans-serif; text-align: justify; background-color: rgb(247, 247, 247);\">The DS30, the blue-chip index, was up 0.16 per cent at 2,283, and the DSES, the shariah-based index, rose 0.17 per cent to 1,398.</p><p style=\"box-sizing: inherit; margin-right: 0px; margin-bottom: 1.22222em; margin-left: 0px; padding: 0px; font-size: 18px; text-rendering: optimizelegibility; line-height: inherit; letter-spacing: 0.5px; color: rgb(0, 0, 0); font-family: &quot;Tiempos Headline&quot;, sans-serif; text-align: justify; background-color: rgb(247, 247, 247);\">Turnover, one of the important indicators of the market, moved past the Tk 2,000-crore mark for the second time this week and ended at Tk 2,005 crore, up from Tk 1,769 crore a day earlier.</p><p style=\"box-sizing: inherit; margin-right: 0px; margin-bottom: 1.22222em; margin-left: 0px; padding: 0px; font-size: 18px; text-rendering: optimizelegibility; line-height: inherit; letter-spacing: 0.5px; color: rgb(0, 0, 0); font-family: &quot;Tiempos Headline&quot;, sans-serif; text-align: justify; background-color: rgb(247, 247, 247);\">On the premier bourse in Bangladesh, 179 securities advanced, 135 issues declined, and 66 scrips did not show any price movement.</p><p style=\"box-sizing: inherit; margin-right: 0px; margin-bottom: 1.22222em; margin-left: 0px; padding: 0px; font-size: 18px; text-rendering: optimizelegibility; line-height: inherit; letter-spacing: 0.5px; color: rgb(0, 0, 0); font-family: &quot;Tiempos Headline&quot;, sans-serif; text-align: justify; background-color: rgb(247, 247, 247);\">In its daily market review yesterday, International Leasing Securities Ltd, a brokerage house, attributed the rising private sector credit growth and the government\'s move to import fuel oil from Russia and cut fuel oil prices by Tk 5 per litre for the latest bull run in the market.</p><p style=\"box-sizing: inherit; margin-right: 0px; margin-bottom: 1.22222em; margin-left: 0px; padding: 0px; font-size: 18px; text-rendering: optimizelegibility; line-height: inherit; letter-spacing: 0.5px; color: rgb(0, 0, 0); font-family: &quot;Tiempos Headline&quot;, sans-serif; text-align: justify; background-color: rgb(247, 247, 247);\">On Monday, the government slashed the fuel prices by Tk 5 per litre in line with the 11.25 percentage points cut in the import duty of diesel by the National Board of Revenue.</p><p style=\"box-sizing: inherit; margin-right: 0px; margin-bottom: 1.22222em; margin-left: 0px; padding: 0px; font-size: 18px; text-rendering: optimizelegibility; line-height: inherit; letter-spacing: 0.5px; color: rgb(0, 0, 0); font-family: &quot;Tiempos Headline&quot;, sans-serif; text-align: justify; background-color: rgb(247, 247, 247);\">Private sector credit growth rose further in July despite a contractionary monetary policy adopted by the Bangladesh Bank for the current fiscal year to tame higher inflation.</p><p style=\"box-sizing: inherit; margin-right: 0px; margin-bottom: 1.22222em; margin-left: 0px; padding: 0px; font-size: 18px; text-rendering: optimizelegibility; line-height: inherit; letter-spacing: 0.5px; color: rgb(0, 0, 0); font-family: &quot;Tiempos Headline&quot;, sans-serif; text-align: justify; background-color: rgb(247, 247, 247);\">Although higher credit supply may stoke inflationary pressures, a number of economists say investments are required to stimulate growth and create jobs. Bashundhara Paper Mills Ltd posted the highest gain among the companies, rising 9.95 per cent.</p><p style=\"box-sizing: inherit; margin-right: 0px; margin-bottom: 1.22222em; margin-left: 0px; padding: 0px; font-size: 18px; text-rendering: optimizelegibility; line-height: inherit; letter-spacing: 0.5px; color: rgb(0, 0, 0); font-family: &quot;Tiempos Headline&quot;, sans-serif; text-align: justify; background-color: rgb(247, 247, 247);\">Aman Cotton Fibrous, Confidence Cement, and Keya Cosmetics rose more than 9 per cent. Orion Infusion and Central Insurance Company were also major gainers.</p><p style=\"box-sizing: inherit; margin-right: 0px; margin-bottom: 1.22222em; margin-left: 0px; padding: 0px; font-size: 18px; text-rendering: optimizelegibility; line-height: inherit; letter-spacing: 0.5px; color: rgb(0, 0, 0); font-family: &quot;Tiempos Headline&quot;, sans-serif; text-align: justify; background-color: rgb(247, 247, 247);\">The Caspi, the all-share price index of the Chittagong Stock Exchange (CSE), went past the 19,000-point mark and closed at 19,005 after adding 107 points, or 0.57 per cent. The key index of the bourse in the port city rose for the fifth straight day yesterday.</p><p style=\"box-sizing: inherit; margin-right: 0px; margin-bottom: 1.22222em; margin-left: 0px; padding: 0px; font-size: 18px; text-rendering: optimizelegibility; line-height: inherit; letter-spacing: 0.5px; color: rgb(0, 0, 0); font-family: &quot;Tiempos Headline&quot;, sans-serif; text-align: justify; background-color: rgb(247, 247, 247);\">Gainers outnumbered decliners as 157 securities rose, 99 fell, and 52 were unchanged.</p>', 1, '4', '631083bd7acd27823.jpg', NULL, NULL, NULL, 1, NULL, NULL, NULL, 1, 1, 1, 1, 2, '2022-09-09 13:35:31');
INSERT INTO `post` (`id`, `title`, `description`, `category`, `tag`, `image`, `featured`, `video`, `trending`, `spotlight`, `editorial`, `homemainnews`, `homemainnewsslider`, `homemorenews`, `catmainnews`, `catmainnewsslider`, `catmorenews`, `viewcount`, `created_at`) VALUES
(19, 'Dollar hoarders will be punished: BB', '<p style=\"box-sizing: inherit; margin-right: 0px; margin-bottom: 1.22222em; margin-left: 0px; padding: 0px; font-size: 18px; text-rendering: optimizelegibility; line-height: inherit; letter-spacing: 0.5px; color: rgb(0, 0, 0); font-family: &quot;Tiempos Headline&quot;, sans-serif; text-align: justify; background-color: rgb(247, 247, 247);\">People who hoarded US dollar illegally will face punitive measures, the Bangladesh Bank said yesterday.</p><p style=\"box-sizing: inherit; margin-right: 0px; margin-bottom: 1.22222em; margin-left: 0px; padding: 0px; font-size: 18px; text-rendering: optimizelegibility; line-height: inherit; letter-spacing: 0.5px; color: rgb(0, 0, 0); font-family: &quot;Tiempos Headline&quot;, sans-serif; text-align: justify; background-color: rgb(247, 247, 247);\">The hoarders will have to sell the dollar to either banks or money changers by September 30, or else strict legal action will be taken against them, according to a Bangladesh Bank press release.</p><p style=\"box-sizing: inherit; margin-right: 0px; margin-bottom: 1.22222em; margin-left: 0px; padding: 0px; font-size: 18px; text-rendering: optimizelegibility; line-height: inherit; letter-spacing: 0.5px; color: rgb(0, 0, 0); font-family: &quot;Tiempos Headline&quot;, sans-serif; text-align: justify; background-color: rgb(247, 247, 247);\">It said that a non-resident Bangladeshi (NRB) is allowed to bring any amount of money went the person comes back to the country.</p><p style=\"box-sizing: inherit; margin-right: 0px; margin-bottom: 1.22222em; margin-left: 0px; padding: 0px; font-size: 18px; text-rendering: optimizelegibility; line-height: inherit; letter-spacing: 0.5px; color: rgb(0, 0, 0); font-family: &quot;Tiempos Headline&quot;, sans-serif; text-align: justify; background-color: rgb(247, 247, 247);\">A single NRB will keep a maximum of $ 10,000 or equivalent amount of other foreign currencies with him or her during staying in the country.</p><div class=\"mb-20 mr-20 hide-for-print dfp-tag-wrapper text-center \" style=\"box-sizing: inherit; margin-top: 0px; margin-left: 0px; padding: 0px; color: rgb(0, 0, 0); font-family: &quot;Tiempos Headline&quot;, sans-serif; font-size: 18px; background-color: rgb(247, 247, 247); margin-right: 20px !important; margin-bottom: 20px !important;\"><div id=\"dfp-ad-en_four_banner-wrapper\" class=\"dfp-tag-wrapper\" style=\"box-sizing: inherit; margin: 0px; padding: 0px;\"></div></div><p style=\"box-sizing: inherit; margin-right: 0px; margin-bottom: 1.22222em; margin-left: 0px; padding: 0px; font-size: 18px; text-rendering: optimizelegibility; line-height: inherit; letter-spacing: 0.5px; color: rgb(0, 0, 0); font-family: &quot;Tiempos Headline&quot;, sans-serif; text-align: justify; background-color: rgb(247, 247, 247);\">The amount can be brought back to the foreign nations when a NRB goes there.</p><p style=\"box-sizing: inherit; margin-right: 0px; margin-bottom: 1.22222em; margin-left: 0px; padding: 0px; font-size: 18px; text-rendering: optimizelegibility; line-height: inherit; letter-spacing: 0.5px; color: rgb(0, 0, 0); font-family: &quot;Tiempos Headline&quot;, sans-serif; text-align: justify; background-color: rgb(247, 247, 247);\">But the NRBs have to sell the excess amount of $10,000 to either banks or money changers within a month after coming to Bangladesh.</p><p style=\"box-sizing: inherit; margin-right: 0px; margin-bottom: 1.22222em; margin-left: 0px; padding: 0px; font-size: 18px; text-rendering: optimizelegibility; line-height: inherit; letter-spacing: 0.5px; color: rgb(0, 0, 0); font-family: &quot;Tiempos Headline&quot;, sans-serif; text-align: justify; background-color: rgb(247, 247, 247);\">Legal action will be taken against the NRBs if they keep excess amount of foreign currency than the legal limit.</p><div class=\"mb-20 mr-20 hide-for-print dfp-tag-wrapper text-center \" style=\"box-sizing: inherit; margin-top: 0px; margin-left: 0px; padding: 0px; color: rgb(0, 0, 0); font-family: &quot;Tiempos Headline&quot;, sans-serif; font-size: 18px; background-color: rgb(247, 247, 247); margin-right: 20px !important; margin-bottom: 20px !important;\"><div id=\"dfp-ad-en_five_banner-wrapper\" class=\"dfp-tag-wrapper\" style=\"box-sizing: inherit; margin: 0px; padding: 0px;\"></div></div><p style=\"box-sizing: inherit; margin-right: 0px; margin-bottom: 1.22222em; margin-left: 0px; padding: 0px; font-size: 18px; text-rendering: optimizelegibility; line-height: inherit; letter-spacing: 0.5px; color: rgb(0, 0, 0); font-family: &quot;Tiempos Headline&quot;, sans-serif; text-align: justify; background-color: rgb(247, 247, 247);\">A Bangladesh Bank official says that the country\'s financial sector has started facing a shortage of cash dollar once again.</p><p style=\"box-sizing: inherit; margin-right: 0px; margin-bottom: 1.22222em; margin-left: 0px; padding: 0px; font-size: 18px; text-rendering: optimizelegibility; line-height: inherit; letter-spacing: 0.5px; color: rgb(0, 0, 0); font-family: &quot;Tiempos Headline&quot;, sans-serif; text-align: justify; background-color: rgb(247, 247, 247);\">Travelers had purchased each dollar for up to Tk 120 nearly one month ago from the open market after which the BB took a set of measures to restore stability in the open market.</p><p style=\"box-sizing: inherit; margin-right: 0px; margin-bottom: 1.22222em; margin-left: 0px; padding: 0px; font-size: 18px; text-rendering: optimizelegibility; line-height: inherit; letter-spacing: 0.5px; color: rgb(0, 0, 0); font-family: &quot;Tiempos Headline&quot;, sans-serif; text-align: justify; background-color: rgb(247, 247, 247);\">The exchange rate of the taka against the US dollar hovered around Tk 108 per dollar for the time being in the first three weeks of August.</p><p style=\"box-sizing: inherit; margin-right: 0px; margin-bottom: 1.22222em; margin-left: 0px; padding: 0px; font-size: 18px; text-rendering: optimizelegibility; line-height: inherit; letter-spacing: 0.5px; color: rgb(0, 0, 0); font-family: &quot;Tiempos Headline&quot;, sans-serif; text-align: justify; background-color: rgb(247, 247, 247);\">But the rate has commenced to increase once again as the outbound individuals today purchased each dollar for Tk 112.</p>', 5, '5', '631084481f6e37484.jpg', NULL, NULL, 1, NULL, NULL, NULL, NULL, 1, 1, 1, 1, 5, '2022-09-09 13:34:59'),
(20, 'Major egg producers deceived consumers', '<p style=\"box-sizing: inherit; margin-right: 0px; margin-bottom: 1.22222em; margin-left: 0px; padding: 0px; font-size: 18px; text-rendering: optimizelegibility; line-height: inherit; letter-spacing: 0.5px; color: rgb(0, 0, 0); font-family: &quot;Tiempos Headline&quot;, sans-serif; background-color: rgb(247, 247, 247);\"><span style=\"box-sizing: inherit; line-height: inherit; font-family: &quot;Tiempos Headline Medium&quot;, sans-serif;\">Major producers in Bangladesh colluded with each other to send the price of eggs to an unprecedented level in the middle of August, hurting the pockets of consumers already struggling to make ends meet, according to a probe report.&nbsp;&nbsp;</span></p><p style=\"box-sizing: inherit; margin-right: 0px; margin-bottom: 1.22222em; margin-left: 0px; padding: 0px; font-size: 18px; text-rendering: optimizelegibility; line-height: inherit; letter-spacing: 0.5px; color: rgb(0, 0, 0); font-family: &quot;Tiempos Headline&quot;, sans-serif; background-color: rgb(247, 247, 247);\">Usually, wholesalers sell eggs at a profit of 15-20 paisa per piece, but between August 9 and August 13, they made a profit of Tk 2.70 per egg, said the report of the Directorate of National Consumers Right Protection (DNCRP).</p><p style=\"box-sizing: inherit; margin-right: 0px; margin-bottom: 1.22222em; margin-left: 0px; padding: 0px; font-size: 18px; text-rendering: optimizelegibility; line-height: inherit; letter-spacing: 0.5px; color: rgb(0, 0, 0); font-family: &quot;Tiempos Headline&quot;, sans-serif; background-color: rgb(247, 247, 247);\">As a result, the price of eggs shot up by Tk 30-40 per dozen to Tk 160 at one point.</p><p style=\"box-sizing: inherit; margin-right: 0px; margin-bottom: 1.22222em; margin-left: 0px; padding: 0px; font-size: 18px; text-rendering: optimizelegibility; line-height: inherit; letter-spacing: 0.5px; color: rgb(0, 0, 0); font-family: &quot;Tiempos Headline&quot;, sans-serif; background-color: rgb(247, 247, 247);\">The higher price, which added costs for households under pressure owing to escalated prices of essentials, prompted the watchdog to carry out raids, from August 18 to 24, at the companies and farms involved in the egg and broiler chicken trade across the country.</p><div class=\"mb-20 mr-20 hide-for-print dfp-tag-wrapper text-center \" style=\"box-sizing: inherit; margin-top: 0px; margin-left: 0px; padding: 0px; color: rgb(0, 0, 0); font-family: &quot;Tiempos Headline&quot;, sans-serif; font-size: 18px; background-color: rgb(247, 247, 247); margin-right: 20px !important; margin-bottom: 20px !important;\"><div id=\"dfp-ad-en_four_banner-wrapper\" class=\"dfp-tag-wrapper\" style=\"box-sizing: inherit; margin: 0px; padding: 0px;\"></div></div><p style=\"box-sizing: inherit; margin-right: 0px; margin-bottom: 1.22222em; margin-left: 0px; padding: 0px; font-size: 18px; text-rendering: optimizelegibility; line-height: inherit; letter-spacing: 0.5px; color: rgb(0, 0, 0); font-family: &quot;Tiempos Headline&quot;, sans-serif; background-color: rgb(247, 247, 247);\">On Tuesday, the directorate submitted the report to the commerce ministry, recommending appropriate action against the individuals and organisations involved in the price manipulation.</p><p style=\"box-sizing: inherit; margin-right: 0px; margin-bottom: 1.22222em; margin-left: 0px; padding: 0px; font-size: 18px; text-rendering: optimizelegibility; line-height: inherit; letter-spacing: 0.5px; color: rgb(0, 0, 0); font-family: &quot;Tiempos Headline&quot;, sans-serif; background-color: rgb(247, 247, 247);\">Consumers faced cheating as traders did not preserve the buy and sell receipts and did not display the price list, it added.</p><h2 style=\"box-sizing: inherit; margin-right: 0px; margin-left: 0px; padding: 0px; font-family: &quot;Tiempos Headline Medium&quot;, sans-serif; color: rgb(0, 0, 0); text-rendering: optimizelegibility; line-height: 1.158; font-size: 2.5rem; background-color: rgb(247, 247, 247);\"><span style=\"box-sizing: inherit; font-size: 24px;\">WHAT\'S IN THE PROBE REPORT</span></h2><p style=\"box-sizing: inherit; margin-right: 0px; margin-bottom: 1.22222em; margin-left: 0px; padding: 0px; font-size: 18px; text-rendering: optimizelegibility; line-height: inherit; letter-spacing: 0.5px; color: rgb(0, 0, 0); font-family: &quot;Tiempos Headline&quot;, sans-serif; background-color: rgb(247, 247, 247);\">According to the probe report, traders sold ordinary eggs at a higher price by labelling them as organic ones.</p><div class=\"mb-20 mr-20 hide-for-print dfp-tag-wrapper text-center \" style=\"box-sizing: inherit; margin-top: 0px; margin-left: 0px; padding: 0px; color: rgb(0, 0, 0); font-family: &quot;Tiempos Headline&quot;, sans-serif; font-size: 18px; background-color: rgb(247, 247, 247); margin-right: 20px !important; margin-bottom: 20px !important;\"><div id=\"dfp-ad-en_five_banner-wrapper\" class=\"dfp-tag-wrapper\" style=\"box-sizing: inherit; margin: 0px; padding: 0px;\"></div></div><p style=\"box-sizing: inherit; margin-right: 0px; margin-bottom: 1.22222em; margin-left: 0px; padding: 0px; font-size: 18px; text-rendering: optimizelegibility; line-height: inherit; letter-spacing: 0.5px; color: rgb(0, 0, 0); font-family: &quot;Tiempos Headline&quot;, sans-serif; background-color: rgb(247, 247, 247);\">Some traders colluded with each other to hike the price of live chicken by carrying out false buying and selling among themselves.</p><p style=\"box-sizing: inherit; margin-right: 0px; margin-bottom: 1.22222em; margin-left: 0px; padding: 0px; font-size: 18px; text-rendering: optimizelegibility; line-height: inherit; letter-spacing: 0.5px; color: rgb(0, 0, 0); font-family: &quot;Tiempos Headline&quot;, sans-serif; background-color: rgb(247, 247, 247);\">As a result, some large farms and middlemen benefited from the price hike of eggs and live chickens at the expense of hundreds of marginal farmers and common consumers.</p><p style=\"box-sizing: inherit; margin-right: 0px; margin-bottom: 1.22222em; margin-left: 0px; padding: 0px; font-size: 18px; text-rendering: optimizelegibility; line-height: inherit; letter-spacing: 0.5px; color: rgb(0, 0, 0); font-family: &quot;Tiempos Headline&quot;, sans-serif; background-color: rgb(247, 247, 247);\">Large egg-producing farms used their agents to send the prices of eggs higher during auctions, it said.&nbsp;&nbsp;&nbsp;</p><p style=\"box-sizing: inherit; margin-right: 0px; margin-bottom: 1.22222em; margin-left: 0px; padding: 0px; font-size: 18px; text-rendering: optimizelegibility; line-height: inherit; letter-spacing: 0.5px; color: rgb(0, 0, 0); font-family: &quot;Tiempos Headline&quot;, sans-serif; background-color: rgb(247, 247, 247);\">The DNCRP report also questioned the legality of trade bodies.</p><p style=\"box-sizing: inherit; margin-right: 0px; margin-bottom: 1.22222em; margin-left: 0px; padding: 0px; font-size: 18px; text-rendering: optimizelegibility; line-height: inherit; letter-spacing: 0.5px; color: rgb(0, 0, 0); font-family: &quot;Tiempos Headline&quot;, sans-serif; background-color: rgb(247, 247, 247);\">On August 22, the Federation of Bangladesh Chambers of Commerce and Industry held a meeting at its office in Dhaka with all stakeholders involved in the egg supply chain, such as farms, associations representing wholesalers and retailers.</p><p style=\"box-sizing: inherit; margin-right: 0px; margin-bottom: 1.22222em; margin-left: 0px; padding: 0px; font-size: 18px; text-rendering: optimizelegibility; line-height: inherit; letter-spacing: 0.5px; color: rgb(0, 0, 0); font-family: &quot;Tiempos Headline&quot;, sans-serif; background-color: rgb(247, 247, 247);\">The meeting blamed Kazi Farms, breeder Faisal Traders and Tejgaon Egg Traders Multipurpose Co-operative Society for the volatility in the egg market.</p><p style=\"box-sizing: inherit; margin-right: 0px; margin-bottom: 1.22222em; margin-left: 0px; padding: 0px; font-size: 18px; text-rendering: optimizelegibility; line-height: inherit; letter-spacing: 0.5px; color: rgb(0, 0, 0); font-family: &quot;Tiempos Headline&quot;, sans-serif; background-color: rgb(247, 247, 247);\">Two days later, the DNCRP sat with egg producers, sales representatives, dealers and other stakeholders.</p><p style=\"box-sizing: inherit; margin-right: 0px; margin-bottom: 1.22222em; margin-left: 0px; padding: 0px; font-size: 18px; text-rendering: optimizelegibility; line-height: inherit; letter-spacing: 0.5px; color: rgb(0, 0, 0); font-family: &quot;Tiempos Headline&quot;, sans-serif; background-color: rgb(247, 247, 247);\">Earlier on August 23, during a visit to Kazi Farms, DNCRP officials instructed the agents of the company to attend the meeting. But no agent showed up on August 24.</p><p style=\"box-sizing: inherit; margin-right: 0px; margin-bottom: 1.22222em; margin-left: 0px; padding: 0px; font-size: 18px; text-rendering: optimizelegibility; line-height: inherit; letter-spacing: 0.5px; color: rgb(0, 0, 0); font-family: &quot;Tiempos Headline&quot;, sans-serif; background-color: rgb(247, 247, 247);\">Kazi Zahin Hasan, a director of Kazi Farms Ltd, told the meeting that Faisal, the owner of Faisal Traders, could not attend the meeting since he was physically ill.</p><p style=\"box-sizing: inherit; margin-right: 0px; margin-bottom: 1.22222em; margin-left: 0px; padding: 0px; font-size: 18px; text-rendering: optimizelegibility; line-height: inherit; letter-spacing: 0.5px; color: rgb(0, 0, 0); font-family: &quot;Tiempos Headline&quot;, sans-serif; background-color: rgb(247, 247, 247);\">He added Faisal took part in the auction in compliance with rules and did not do anything wrong.</p><p style=\"box-sizing: inherit; margin-right: 0px; margin-bottom: 1.22222em; margin-left: 0px; padding: 0px; font-size: 18px; text-rendering: optimizelegibility; line-height: inherit; letter-spacing: 0.5px; color: rgb(0, 0, 0); font-family: &quot;Tiempos Headline&quot;, sans-serif; background-color: rgb(247, 247, 247);\">But on the same day, Faisal turned up at the DNCRP office after the meeting and said he was fine, according to the probe report. Faisal also regretted for providing incorrect information to the DNCRP\'s officials during the raid.</p><p style=\"box-sizing: inherit; margin-right: 0px; margin-bottom: 1.22222em; margin-left: 0px; padding: 0px; font-size: 18px; text-rendering: optimizelegibility; line-height: inherit; letter-spacing: 0.5px; color: rgb(0, 0, 0); font-family: &quot;Tiempos Headline&quot;, sans-serif; background-color: rgb(247, 247, 247);\">Thus, Kazi Farms has proved its involvement in unethical business activities by not making Faisal present at the meeting and concealing information, said the probe report.</p><p style=\"box-sizing: inherit; margin-right: 0px; margin-bottom: 1.22222em; margin-left: 0px; padding: 0px; font-size: 18px; text-rendering: optimizelegibility; line-height: inherit; letter-spacing: 0.5px; color: rgb(0, 0, 0); font-family: &quot;Tiempos Headline&quot;, sans-serif; background-color: rgb(247, 247, 247);\">Thanks to the increase in the fuel price, the transportation cost per egg has gone up by 3-4 paisa. But unscrupulous traders increased the price per egg by Tk 2.70, said the probe report.</p><p style=\"box-sizing: inherit; margin-right: 0px; margin-bottom: 1.22222em; margin-left: 0px; padding: 0px; font-size: 18px; text-rendering: optimizelegibility; line-height: inherit; letter-spacing: 0.5px; color: rgb(0, 0, 0); font-family: &quot;Tiempos Headline&quot;, sans-serif; background-color: rgb(247, 247, 247);\">The DNCRP has recommended the Bangladesh Competition commission file a case against Kazi Farms for destabilising the market by hiking the price of eggs through illogical auctions.</p><h2 style=\"box-sizing: inherit; margin-right: 0px; margin-left: 0px; padding: 0px; font-family: &quot;Tiempos Headline Medium&quot;, sans-serif; color: rgb(0, 0, 0); text-rendering: optimizelegibility; line-height: 1.158; font-size: 2.5rem; background-color: rgb(247, 247, 247);\"><span style=\"box-sizing: inherit; font-size: 24px;\">WHAT BIG FARMS SAY</span></h2><p style=\"box-sizing: inherit; margin-right: 0px; margin-bottom: 1.22222em; margin-left: 0px; padding: 0px; font-size: 18px; text-rendering: optimizelegibility; line-height: inherit; letter-spacing: 0.5px; color: rgb(0, 0, 0); font-family: &quot;Tiempos Headline&quot;, sans-serif; background-color: rgb(247, 247, 247);\">Yesterday, Hasan of Kazi Farms told the Daily Star that some had claimed that the price of eggs was increased by a price-fixing \"syndicate,\" and that the price fell after government officers inspected wholesale egg markets and fined traders who were selling at a high price.</p><p style=\"box-sizing: inherit; margin-right: 0px; margin-bottom: 1.22222em; margin-left: 0px; padding: 0px; font-size: 18px; text-rendering: optimizelegibility; line-height: inherit; letter-spacing: 0.5px; color: rgb(0, 0, 0); font-family: &quot;Tiempos Headline&quot;, sans-serif; background-color: rgb(247, 247, 247);\">\"This is not correct,\" he said.</p><p style=\"box-sizing: inherit; margin-right: 0px; margin-bottom: 1.22222em; margin-left: 0px; padding: 0px; font-size: 18px; text-rendering: optimizelegibility; line-height: inherit; letter-spacing: 0.5px; color: rgb(0, 0, 0); font-family: &quot;Tiempos Headline&quot;, sans-serif; background-color: rgb(247, 247, 247);\">According to him, some had alleged that the egg price was fixed by Kazi Farms in collusion with the egg trading association in Tejgaon, or in collusion with other poultry companies.</p><p style=\"box-sizing: inherit; margin-right: 0px; margin-bottom: 1.22222em; margin-left: 0px; padding: 0px; font-size: 18px; text-rendering: optimizelegibility; line-height: inherit; letter-spacing: 0.5px; color: rgb(0, 0, 0); font-family: &quot;Tiempos Headline&quot;, sans-serif; background-color: rgb(247, 247, 247);\">\"This is not true,\" he said.</p><p style=\"box-sizing: inherit; margin-right: 0px; margin-bottom: 1.22222em; margin-left: 0px; padding: 0px; font-size: 18px; text-rendering: optimizelegibility; line-height: inherit; letter-spacing: 0.5px; color: rgb(0, 0, 0); font-family: &quot;Tiempos Headline&quot;, sans-serif; background-color: rgb(247, 247, 247);\">Kazi Farms sells 10 lakh to 12 lakh eggs every day through sales centres in Dhaka, Sylhet, Rangpur, Faridpur, and Bogura. Eggs are auctioned at each sales centre.</p><p style=\"box-sizing: inherit; margin-right: 0px; margin-bottom: 1.22222em; margin-left: 0px; padding: 0px; font-size: 18px; text-rendering: optimizelegibility; line-height: inherit; letter-spacing: 0.5px; color: rgb(0, 0, 0); font-family: &quot;Tiempos Headline&quot;, sans-serif; background-color: rgb(247, 247, 247);\">All the large poultry companies collectively sell about 40 lakh eggs per day, which is only about 10 per cent of the total eggs sold in the country.</p><p style=\"box-sizing: inherit; margin-right: 0px; margin-bottom: 1.22222em; margin-left: 0px; padding: 0px; font-size: 18px; text-rendering: optimizelegibility; line-height: inherit; letter-spacing: 0.5px; color: rgb(0, 0, 0); font-family: &quot;Tiempos Headline&quot;, sans-serif; background-color: rgb(247, 247, 247);\">\"There is no way that poultry companies can collude to raise the price of eggs even if they want to,\" Hasan added.</p><p style=\"box-sizing: inherit; margin-right: 0px; margin-bottom: 1.22222em; margin-left: 0px; padding: 0px; font-size: 18px; text-rendering: optimizelegibility; line-height: inherit; letter-spacing: 0.5px; color: rgb(0, 0, 0); font-family: &quot;Tiempos Headline&quot;, sans-serif; background-color: rgb(247, 247, 247);\">Kayser Ahmed, managing director of Diamond Egg Ltd, one of the largest producers and marketers of eggs, said the DNCRP\'S claim that the big farms increased the price of eggs through collusion is not logical.</p><h2 style=\"box-sizing: inherit; margin-right: 0px; margin-left: 0px; padding: 0px; font-family: &quot;Tiempos Headline Medium&quot;, sans-serif; color: rgb(0, 0, 0); text-rendering: optimizelegibility; line-height: 1.158; font-size: 2.5rem; background-color: rgb(247, 247, 247);\"><span style=\"box-sizing: inherit; font-size: 24px;\">DNCRP\'S RECOMMENDATIONS</span></h2><p style=\"box-sizing: inherit; margin-right: 0px; margin-bottom: 1.22222em; margin-left: 0px; padding: 0px; font-size: 18px; text-rendering: optimizelegibility; line-height: inherit; letter-spacing: 0.5px; color: rgb(0, 0, 0); font-family: &quot;Tiempos Headline&quot;, sans-serif; background-color: rgb(247, 247, 247);\">In every stage of the eggs and live chicken market, preserving the printed receipts of a transaction should be mandatory, it said.</p><p style=\"box-sizing: inherit; margin-right: 0px; margin-bottom: 1.22222em; margin-left: 0px; padding: 0px; font-size: 18px; text-rendering: optimizelegibility; line-height: inherit; letter-spacing: 0.5px; color: rgb(0, 0, 0); font-family: &quot;Tiempos Headline&quot;, sans-serif; background-color: rgb(247, 247, 247);\">It called for abolishing the practice of fixing prices by cooperatives and ensuring the presence of government agencies during auctions.</p><p style=\"box-sizing: inherit; margin-right: 0px; margin-bottom: 1.22222em; margin-left: 0px; padding: 0px; font-size: 18px; text-rendering: optimizelegibility; line-height: inherit; letter-spacing: 0.5px; color: rgb(0, 0, 0); font-family: &quot;Tiempos Headline&quot;, sans-serif; background-color: rgb(247, 247, 247);\">\"Appropriate actions should be taken against those involved in the sale of packaged and organic eggs at exorbitant prices,\" it said.</p><p style=\"box-sizing: inherit; margin-right: 0px; margin-bottom: 1.22222em; margin-left: 0px; padding: 0px; font-size: 18px; text-rendering: optimizelegibility; line-height: inherit; letter-spacing: 0.5px; color: rgb(0, 0, 0); font-family: &quot;Tiempos Headline&quot;, sans-serif; background-color: rgb(247, 247, 247);\">About 3.5 crore to 4 crore eggs are required daily to meet national demand. A large part of these eggs come from farms across the country, according to Md Tahir Ahmed Siddiqi, president of the Bangladesh Egg Producers Association.</p><p style=\"box-sizing: inherit; margin-right: 0px; margin-bottom: 1.22222em; margin-left: 0px; padding: 0px; font-size: 18px; text-rendering: optimizelegibility; line-height: inherit; letter-spacing: 0.5px; color: rgb(0, 0, 0); font-family: &quot;Tiempos Headline&quot;, sans-serif; background-color: rgb(247, 247, 247);\">Data from the Department of Livestock Services showed that 2,335 crore eggs were produced in Bangladesh in the fiscal year of 2021-22. Egg production has more than tripled in the past decade.</p><p style=\"box-sizing: inherit; margin-right: 0px; margin-bottom: 1.22222em; margin-left: 0px; padding: 0px; font-size: 18px; text-rendering: optimizelegibility; line-height: inherit; letter-spacing: 0.5px; color: rgb(0, 0, 0); font-family: &quot;Tiempos Headline&quot;, sans-serif; background-color: rgb(247, 247, 247);\">The price of eggs has recently come down after the DNCRP made the raids and the government even threatened to import the key source of the protein, if needed.</p><p style=\"box-sizing: inherit; margin-right: 0px; margin-bottom: 1.22222em; margin-left: 0px; padding: 0px; font-size: 18px; text-rendering: optimizelegibility; line-height: inherit; letter-spacing: 0.5px; color: rgb(0, 0, 0); font-family: &quot;Tiempos Headline&quot;, sans-serif; background-color: rgb(247, 247, 247);\">On Wednesday, each dozen of eggs were sold at Tk 120-125 in the retail markets in the capital, data from the Trading Corporation of Bangladesh showed.</p>', 2, '2', '631083f3ade506485.jpg', NULL, NULL, NULL, NULL, 1, NULL, NULL, 1, 1, 1, 1, 5, '2022-09-09 13:35:51'),
(21, 'Territories under CBC Dhaka (North) named', '<p style=\"box-sizing: inherit; margin-right: 0px; margin-bottom: 1.22222em; margin-left: 0px; padding: 0px; font-size: 18px; text-rendering: optimizelegibility; line-height: inherit; letter-spacing: 0.5px; color: rgb(0, 0, 0); font-family: &quot;Tiempos Headline&quot;, sans-serif; background-color: rgb(247, 247, 247);\">The National Board of Revenue (NBR) has announced the territories that would be covered by the newly formed Customs Bond Commissionerate (CBC) Dhaka (North).&nbsp;</p><p style=\"box-sizing: inherit; margin-right: 0px; margin-bottom: 1.22222em; margin-left: 0px; padding: 0px; font-size: 18px; text-rendering: optimizelegibility; line-height: inherit; letter-spacing: 0.5px; color: rgb(0, 0, 0); font-family: &quot;Tiempos Headline&quot;, sans-serif; background-color: rgb(247, 247, 247);\">From now, CBC Dhaka (North) will provide services to export-oriented factories operating in Mymensingh, Tangail, Gazipur, Netrokona, Kishoreganj and Sherpur districts and parts of Dhaka city, including Uttara, Gulshan, Badda, Rampura and Turag, the NBR said in a notification.</p><p style=\"box-sizing: inherit; margin-right: 0px; margin-bottom: 1.22222em; margin-left: 0px; padding: 0px; font-size: 18px; text-rendering: optimizelegibility; line-height: inherit; letter-spacing: 0.5px; color: rgb(0, 0, 0); font-family: &quot;Tiempos Headline&quot;, sans-serif; background-color: rgb(247, 247, 247);\">Two months ago, the NBR divided CBC Dhaka into CBC Dhaka North and CBC Dhaka South to provide better services to exporters related to the duty-free import of raw materials for export-oriented products.</p><p style=\"box-sizing: inherit; margin-right: 0px; margin-bottom: 1.22222em; margin-left: 0px; padding: 0px; font-size: 18px; text-rendering: optimizelegibility; line-height: inherit; letter-spacing: 0.5px; color: rgb(0, 0, 0); font-family: &quot;Tiempos Headline&quot;, sans-serif; background-color: rgb(247, 247, 247);\">CBC Dhaka (South) will provide services to exporters in Narayanganj, Munshiganj, Manikganj, Narsingdi, Faridpur, Madaripur, Shariatpur, Rajbari, Gopalganj and parts of Dhaka district and city.</p>', 3, '3', '6310843be0c721169.jpg', NULL, NULL, NULL, NULL, 1, NULL, NULL, 1, 1, 1, 1, 1, '2022-09-04 11:08:31'),
(22, 'NRB Bank re-elects vice chairmen', '<p style=\"box-sizing: inherit; margin-right: 0px; margin-bottom: 1.22222em; margin-left: 0px; padding: 0px; font-size: 18px; text-rendering: optimizelegibility; line-height: inherit; letter-spacing: 0.5px; color: rgb(0, 0, 0); font-family: &quot;Tiempos Headline&quot;, sans-serif; background-color: rgb(247, 247, 247);\">Golam Kabir and Mohammed Jamil Iqbal have been re-elected as vice chairmen of NRB Bank Limited.</p><p style=\"box-sizing: inherit; margin-right: 0px; margin-bottom: 1.22222em; margin-left: 0px; padding: 0px; font-size: 18px; text-rendering: optimizelegibility; line-height: inherit; letter-spacing: 0.5px; color: rgb(0, 0, 0); font-family: &quot;Tiempos Headline&quot;, sans-serif; background-color: rgb(247, 247, 247);\">The board of directors of the bank re-elected them in a meeting on August 7, NRB Bank said in a press release.</p><p style=\"box-sizing: inherit; margin-right: 0px; margin-bottom: 1.22222em; margin-left: 0px; padding: 0px; font-size: 18px; text-rendering: optimizelegibility; line-height: inherit; letter-spacing: 0.5px; color: rgb(0, 0, 0); font-family: &quot;Tiempos Headline&quot;, sans-serif; background-color: rgb(247, 247, 247);\">Golam Kabir, president of Kabir Auto Export Co. Ltd, is a leading motor vehicle exporters from Japan. He is also the proprietor of Ocean Auto and KM International.</p><p style=\"box-sizing: inherit; margin-right: 0px; margin-bottom: 1.22222em; margin-left: 0px; padding: 0px; font-size: 18px; text-rendering: optimizelegibility; line-height: inherit; letter-spacing: 0.5px; color: rgb(0, 0, 0); font-family: &quot;Tiempos Headline&quot;, sans-serif; background-color: rgb(247, 247, 247);\">Mohammed Jamil Iqbal is the founder and chairman of Jamil Iqbal Ltd, which is one of the largest construction companies in Bangladesh.</p><div class=\"mb-20 mr-20 hide-for-print dfp-tag-wrapper text-center \" style=\"box-sizing: inherit; margin-top: 0px; margin-left: 0px; padding: 0px; color: rgb(0, 0, 0); font-family: &quot;Tiempos Headline&quot;, sans-serif; font-size: 18px; background-color: rgb(247, 247, 247); margin-right: 20px !important; margin-bottom: 20px !important;\"><div id=\"dfp-ad-en_four_banner-wrapper\" class=\"dfp-tag-wrapper\" style=\"box-sizing: inherit; margin: 0px; padding: 0px;\"></div></div><p style=\"box-sizing: inherit; margin-right: 0px; margin-bottom: 1.22222em; margin-left: 0px; padding: 0px; font-size: 18px; text-rendering: optimizelegibility; line-height: inherit; letter-spacing: 0.5px; color: rgb(0, 0, 0); font-family: &quot;Tiempos Headline&quot;, sans-serif; background-color: rgb(247, 247, 247);\">He is a leading non-resident Bangladeshi entrepreneur and investor.</p><p style=\"box-sizing: inherit; margin-right: 0px; margin-bottom: 1.22222em; margin-left: 0px; padding: 0px; font-size: 18px; text-rendering: optimizelegibility; line-height: inherit; letter-spacing: 0.5px; color: rgb(0, 0, 0); font-family: &quot;Tiempos Headline&quot;, sans-serif; background-color: rgb(247, 247, 247);\">Iqbal is the proprietor of M/S Md Jamil Iqbal, JI Stone Supplier and the owner of many Crushing plants.</p>', 2, '4', '6310842fa44b59585.jpg', NULL, NULL, NULL, NULL, 1, NULL, NULL, 1, 1, 1, 1, 2, '2022-09-04 11:08:33'),
(23, 'Al-Arafah Islami Bank to issue Tk 500cr bond', '<p style=\"box-sizing: inherit; margin-right: 0px; margin-bottom: 1.22222em; margin-left: 0px; padding: 0px; font-size: 18px; text-rendering: optimizelegibility; line-height: inherit; letter-spacing: 0.5px; color: rgb(0, 0, 0); font-family: &quot;Tiempos Headline&quot;, sans-serif;\">Al-Arafah Islami Bank has received approval to raise Tk 500 crore by issuing a non-convertible, floating and mudaraba subordinated bond.</p><p style=\"box-sizing: inherit; margin-right: 0px; margin-bottom: 1.22222em; margin-left: 0px; padding: 0px; font-size: 18px; text-rendering: optimizelegibility; line-height: inherit; letter-spacing: 0.5px; color: rgb(0, 0, 0); font-family: &quot;Tiempos Headline&quot;, sans-serif;\">The Bangladesh Securities and Exchange Commission (BSEC) approved the bond yesterday at a meeting held at the BSEC building in Dhaka.</p><p style=\"box-sizing: inherit; margin-right: 0px; margin-bottom: 1.22222em; margin-left: 0px; padding: 0px; font-size: 18px; text-rendering: optimizelegibility; line-height: inherit; letter-spacing: 0.5px; color: rgb(0, 0, 0); font-family: &quot;Tiempos Headline&quot;, sans-serif;\">Institutional investors, high-net-worth people can buy the bond through private placement. The price of each unit of the bond would be Tk 5 lakh.</p><p style=\"box-sizing: inherit; margin-right: 0px; margin-bottom: 1.22222em; margin-left: 0px; padding: 0px; font-size: 18px; text-rendering: optimizelegibility; line-height: inherit; letter-spacing: 0.5px; color: rgb(0, 0, 0); font-family: &quot;Tiempos Headline&quot;, sans-serif;\">With the bond proceeds, the bank will strengthen its Tier-2 capital base. The bond has to be listed on the alternative trading board of the security exchanges.</p><div class=\"mb-20 mr-20 hide-for-print dfp-tag-wrapper text-center \" style=\"box-sizing: inherit; margin-top: 0px; margin-left: 0px; padding: 0px; color: rgb(0, 0, 0); font-family: &quot;Tiempos Headline&quot;, sans-serif; font-size: 18px; margin-right: 20px !important; margin-bottom: 20px !important;\"><div id=\"dfp-ad-en_four_banner-wrapper\" class=\"dfp-tag-wrapper\" style=\"box-sizing: inherit; margin: 0px; padding: 0px;\"></div></div><p style=\"box-sizing: inherit; margin-right: 0px; margin-bottom: 1.22222em; margin-left: 0px; padding: 0px; font-size: 18px; text-rendering: optimizelegibility; line-height: inherit; letter-spacing: 0.5px; color: rgb(0, 0, 0); font-family: &quot;Tiempos Headline&quot;, sans-serif;\">Its trustee is First Security Islami Capital &amp; Investment and mandated lead arrangers are UCB Investment and Prime Bank Investment.&nbsp;<span style=\"font-size: inherit; color: rgb(255, 255, 255); font-family: &quot;Source Sans Pro&quot;, -apple-system, BlinkMacSystemFont, &quot;Segoe UI&quot;, Roboto, &quot;Helvetica Neue&quot;, Arial, sans-serif, &quot;Apple Color Emoji&quot;, &quot;Segoe UI Emoji&quot;, &quot;Segoe UI Symbol&quot;;\">The MoU includes provisions for attracting high-value technology and high-impact investments in key priority sectors and provide support and advisory related to FDI and equity investment.</span></p><div class=\"section-content margin-lr pt-20 pb-20 clearfix\" style=\"box-sizing: inherit; margin: 0px 9.6875rem; padding-top: 0.625rem !important; padding-right: 0px; padding-bottom: 0.625rem !important; padding-left: 0px;\"><p style=\"box-sizing: inherit; margin-right: 0px; margin-bottom: 1.22222em; margin-left: 0px; padding: 0px; font-size: inherit; text-rendering: optimizelegibility; line-height: inherit; letter-spacing: 0.5px;\">\"The Bida is strongly focused on building strategic partnerships that will allow us to access investor communities in our target markets for foreign direct investment and equity investment,\" said Bida Executive Chairman Md Sirazul Islam.</p><div class=\"mb-20 mr-20 hide-for-print dfp-tag-wrapper text-center \" style=\"box-sizing: inherit; margin-top: 0px; margin-left: 0px; padding: 0px; margin-right: 20px !important; margin-bottom: 20px !important;\"><div id=\"dfp-ad-en_four_banner-wrapper\" class=\"dfp-tag-wrapper\" style=\"box-sizing: inherit; margin: 0px; padding: 0px;\"></div></div><p style=\"box-sizing: inherit; margin-right: 0px; margin-bottom: 1.22222em; margin-left: 0px; padding: 0px; font-size: inherit; text-rendering: optimizelegibility; line-height: inherit; letter-spacing: 0.5px;\">\"Bida and Anchorless Bangladesh will work together to design investment outreach that is targeted, customised and therefore more effective.\"</p><p style=\"box-sizing: inherit; margin-right: 0px; margin-bottom: 1.22222em; margin-left: 0px; padding: 0px; font-size: inherit; text-rendering: optimizelegibility; line-height: inherit; letter-spacing: 0.5px;\">\"We at Anchorless strongly believe that Bangladesh is one of the best investment opportunities in the world with an incredible story to be told and we look forward to working with Bida to do so,\" said Rahat Ahmed, founding partner and CEO of Anchorless Bangladesh.</p><div class=\"mb-20 mr-20 hide-for-print dfp-tag-wrapper text-center \" style=\"box-sizing: inherit; margin-top: 0px; margin-left: 0px; padding: 0px; margin-right: 20px !important; margin-bottom: 20px !important;\"><div id=\"dfp-ad-en_five_banner-wrapper\" class=\"dfp-tag-wrapper\" style=\"box-sizing: inherit; margin: 0px; padding: 0px;\"></div></div></div><div class=\"mb-20 mr-20 hide-for-print dfp-tag-wrapper text-center\" style=\"box-sizing: inherit; margin-top: 0px; margin-left: 0px; padding: 0px; margin-right: 20px !important; margin-bottom: 20px !important;\"><div id=\"dfp-ad-en_six_banner-wrapper\" class=\"dfp-tag-wrapper\" style=\"box-sizing: inherit; margin: 0px; padding: 0px;\"></div></div><div class=\"content-bottom margin-lr mb-15 border-bottom\" style=\"box-sizing: inherit; margin-top: 0px; margin-right: 9.6875rem; margin-left: 9.6875rem; padding: 0px; border-bottom-color: rgb(226, 226, 226); margin-bottom: 15px !important;\"><div class=\"line line-2\" style=\"box-sizing: inherit; margin: 0px; padding: 0px; border-top: 1px solid rgb(226, 226, 226); border-bottom: 1px solid rgb(226, 226, 226); height: 0.375rem; color: rgb(0, 0, 0); font-family: &quot;Tiempos Headline&quot;, sans-serif; font-size: 18px;\"><div class=\"line-inner\" style=\"box-sizing: inherit; margin: 0px; padding: 0px;\"></div></div><div class=\"content-tags pt-10 pb-10\" style=\"box-sizing: inherit; margin: 0px; padding-right: 0px; padding-left: 0px; color: rgb(0, 0, 0); font-family: &quot;Tiempos Headline&quot;, sans-serif; font-size: 18px; padding-top: 10px !important; padding-bottom: 10px !important;\"></div></div><p style=\"box-sizing: inherit; margin-right: 0px; margin-bottom: 1.22222em; margin-left: 0px; padding: 0px; font-size: 18px; text-rendering: optimizelegibility; line-height: inherit; letter-spacing: 0.5px; color: rgb(0, 0, 0); font-family: &quot;Tiempos Headline&quot;, sans-serif; background-color: rgb(247, 247, 247);\"><br></p>', 3, '5', '631083e78032b5796.jpg', NULL, NULL, NULL, NULL, 1, NULL, NULL, 1, 1, 1, 1, 1, '2022-09-04 11:08:36'),
(24, 'Bangladesh vs Srilanka', '<div ng-repeat=\"ts in match.timestamps\" ng-init=\"comm = match.commentary\" ng-include=\"\'commentary\'\" class=\"ng-scope\" style=\"color: rgb(34, 34, 34); font-family: helvetica, &quot;Segoe UI&quot;, Arial, sans-serif; font-size: 14px; background-color: rgb(255, 255, 255);\"><div id=\"comm_1661968003217\" class=\"cb-col cb-col-100 ng-scope\" style=\"width: 615.594px; display: inline-block; float: left; min-height: 1px;\"><p ng-bind-html=\"comm[ts].comm\" class=\"cb-com-ln ng-binding ng-scope cb-col cb-col-100\" ng-class=\"get_comm_class(comm[ts]) \" ng-hide=\"comm[ts].geo != null &amp;&amp; comm[ts].geo.length > 0 &amp;&amp; comm[ts].geo.indexOf($root.$GEO.country) == -1\" ng-if=\"comm[ts].evt != \'Plugin:news\' &amp;&amp; comm[ts].evt != \'Plugin:video\' &amp;&amp; comm[ts].evt != \'Plugin:comments\'\" style=\"width: 615.594px; display: inline-block; float: left; min-height: 1px; margin-right: 0px; margin-bottom: 10px; margin-left: 0px; line-height: 24px;\"><b>The overview</b><br><br>The first do-or-die encounter of the Asia Cup is between two teams who suffered defeats against Afghanistan and are now left to see who out of them progresses to the Super fours from Group B. Dasun Shanaka\'s Sri Lanka and Shakib Al Hasan-led Bangladesh need to sort out their batting issues quickly in order to prolong their stay in the UAE.<br><br>Mosaddek Hossain\'s unbeaten 48 off 31 gave Bangladesh a fighting chance against Afghanistan after they were reduced to 53 for 5 at one stage. Nevertheless, Shakib will be hoping for a better show from the top five, who combined to score only 35 runs in their Asia Cup opener. Sri Lanka faced similar problems in their opening match - barring 30s from Bhanuka Rajapaksa and Chamika Karunaratne, the batting performance was nothing to write home about.<br><br>The struggles that Bangladesh and Sri Lanka have experienced aren\'t limited to this Asia Cup. Since July 2019, Bangladesh and Sri Lanka are the only two teams among the full member sides to average less than 20 with the bat. They are also the only two teams with a strike rate of below 115, a boundary percentage of less than 13, and score less than four sixes per match - highlighting the need for a major reboot in their methods with the bat.<br><br><b>When:</b>&nbsp;Thursday, September 1 at 6:00 PM Local Time (7:30 PM IST)<br><br><b>Where:</b>&nbsp;Dubai International Cricket Stadium<br><br><b>What to expect:</b>&nbsp;The fast bowlers have found some help from the pitches in Dubai in the games played so far and are likely to make an impact again. It will again be a warm evening with a high of 35 degree Celsius.<br><br><b>Head to head:</b>&nbsp;Bangladesh have played 12 times against Sri Lanka, winning four times and losing eight games. All their four wins have come since 2016.<br><br><b>Team watch</b><br><br><b>Sri Lanka</b><br><br><b>Injury/Unavailability:</b>&nbsp;There aren\'t any concerns in terms of personnel at the moment for Sri Lanka.<br><br><b>Tactics &amp; Matchups:</b>&nbsp;The Bangladesh batters struggled against Mujeeb ur Rahman in the powerplay while Rashid Khan tormented them in the middle overs. Sri Lanka have similar bowlers to exploit Bangladesh\'s weakness against wrist/mystery spin in the form of Maheesh Theekshana and Wanindu Hasaranga.<br><br><b>Probable XI:</b>&nbsp;Danushka Gunathilaka, Pathum Nissanka, Kusal Mendis (wk), Charith Asalanka, Bhanuka Rajapaksa, Dasun Shanaka (c), Wanindu Hasaranga, Chamika Karunaratne, Maheesh Theekshana, Dilshan Madushanka, Matheesha Pathirana.<br><br><b>Bangladesh</b><br><br><b>Injury/Unavailability:</b>&nbsp;Bangladesh haven\'t reported any injury concerns in their squad. But they are likely to make one or two changes, bringing in the leg-spinning allrounder Sabbir Rahman and/or Mehidy Hasan Miraz.<br><br><b>Tactics &amp; Matchups:</b>&nbsp;With the presence of several left-handed batters in the Sri Lankan middle order, Bangladesh might look at using Shakib more in the powerplay while the offspinners might prove effective in the middle overs.<br><br><b>Probable XI:</b>&nbsp;Mohammad Naim, Anamul Haque, Shakib Al Hasan (c), Afif Hossain, Mushfiqur Rahim (wk), Mosaddek Hossain, Mahmudullah, Mahedi Hasan, Mohammad Saifuddin, Taskin Ahmed, Mustafizur Rahman.<br><br><b>Did you know?</b><br><br>- Bangladesh have lost all the six T20Is they have played in the UAE and have crossed 150 only once (171/4 vs Sri Lanka in October 2021).<br><br>- Since beating Pakistan in the 2014 final, Sri Lanka have lost six successive games in the Asia Cup, including five T20I defeats.<br><br>- In 53 innings between the two teams since last August, there have been only two 50-plus opening stands.</p><div style=\"clear: both;\"></div></div></div><div ng-repeat=\"ts in match.timestamps\" ng-init=\"comm = match.commentary\" ng-include=\"\'commentary\'\" class=\"ng-scope\" style=\"color: rgb(34, 34, 34); font-family: helvetica, &quot;Segoe UI&quot;, Arial, sans-serif; font-size: 14px; background-color: rgb(255, 255, 255);\"><div id=\"comm_1661968003207\" class=\"cb-col cb-col-100 ng-scope\" style=\"width: 615.594px; display: inline-block; float: left; min-height: 1px;\"><p ng-bind-html=\"comm[ts].comm\" class=\"cb-com-ln ng-binding ng-scope cb-col cb-col-100\" ng-class=\"get_comm_class(comm[ts]) \" ng-hide=\"comm[ts].geo != null &amp;&amp; comm[ts].geo.length > 0 &amp;&amp; comm[ts].geo.indexOf($root.$GEO.country) == -1\" ng-if=\"comm[ts].evt != \'Plugin:news\' &amp;&amp; comm[ts].evt != \'Plugin:video\' &amp;&amp; comm[ts].evt != \'Plugin:comments\'\" style=\"width: 615.594px; display: inline-block; float: left; min-height: 1px; margin-right: 0px; margin-bottom: 10px; margin-left: 0px; line-height: 24px;\"><b>Squads:</b></p><div style=\"clear: both;\"></div></div></div><div ng-repeat=\"ts in match.timestamps\" ng-init=\"comm = match.commentary\" ng-include=\"\'commentary\'\" class=\"ng-scope\" style=\"color: rgb(34, 34, 34); font-family: helvetica, &quot;Segoe UI&quot;, Arial, sans-serif; font-size: 14px; background-color: rgb(255, 255, 255);\"><div id=\"comm_1661968001457\" class=\"cb-col cb-col-100 ng-scope\" style=\"width: 615.594px; display: inline-block; float: left; min-height: 1px;\"><p ng-bind-html=\"comm[ts].comm\" class=\"cb-com-ln ng-binding ng-scope cb-col cb-col-100\" ng-class=\"get_comm_class(comm[ts]) \" ng-hide=\"comm[ts].geo != null &amp;&amp; comm[ts].geo.length > 0 &amp;&amp; comm[ts].geo.indexOf($root.$GEO.country) == -1\" ng-if=\"comm[ts].evt != \'Plugin:news\' &amp;&amp; comm[ts].evt != \'Plugin:video\' &amp;&amp; comm[ts].evt != \'Plugin:comments\'\" style=\"width: 615.594px; display: inline-block; float: left; min-height: 1px; margin-right: 0px; margin-bottom: 10px; margin-left: 0px; line-height: 24px;\"><b>Sri Lanka</b>&nbsp;Squad: Pathum Nissanka, Kusal Mendis(w), Charith Asalanka, Danushka Gunathilaka, Bhanuka Rajapaksa, Wanindu Hasaranga, Dasun Shanaka(c), Chamika Karunaratne, Maheesh Theekshana, Matheesha Pathirana, Dilshan Madushanka, Dinesh Chandimal, Dhananjaya de Silva, Jeffrey Vandersay, Asitha Fernando, Ashen Bandara, Praveen Jayawickrama, Nuwanidu Fernando, Pramod Madushan, Nuwan Thushara</p><div style=\"clear: both;\"></div></div></div><div ng-repeat=\"ts in match.timestamps\" ng-init=\"comm = match.commentary\" ng-include=\"\'commentary\'\" class=\"ng-scope\" style=\"color: rgb(34, 34, 34); font-family: helvetica, &quot;Segoe UI&quot;, Arial, sans-serif; font-size: 14px; background-color: rgb(255, 255, 255);\"><div id=\"comm_1661967868842\" class=\"cb-col cb-col-100 ng-scope\" style=\"width: 615.594px; display: inline-block; float: left; min-height: 1px;\"><p ng-bind-html=\"comm[ts].comm\" class=\"cb-com-ln ng-binding ng-scope cb-col cb-col-100\" ng-class=\"get_comm_class(comm[ts]) \" ng-hide=\"comm[ts].geo != null &amp;&amp; comm[ts].geo.length > 0 &amp;&amp; comm[ts].geo.indexOf($root.$GEO.country) == -1\" ng-if=\"comm[ts].evt != \'Plugin:news\' &amp;&amp; comm[ts].evt != \'Plugin:video\' &amp;&amp; comm[ts].evt != \'Plugin:comments\'\" style=\"width: 615.594px; display: inline-block; float: left; min-height: 1px; margin-right: 0px; margin-bottom: 10px; margin-left: 0px; line-height: 24px;\"><b>Bangladesh</b>&nbsp;Squad: Mohammad Naim, Anamul Haque, Shakib Al Hasan(c), Mushfiqur Rahim(w), Afif Hossain, Mahmudullah, Mosaddek Hossain, Mahedi Hasan, Mohammad Saifuddin, Taskin Ahmed, Mustafizur Rahman, Sabbir Rahman, Nasum Ahmed, Mehidy Hasan Miraz, Ebadot Hossain, Parvez Hossain Emon</p></div></div>', 1, '3', '631084481f6e37484.jpg', NULL, NULL, NULL, 1, 1, NULL, NULL, 1, 1, 1, 1, 1, '2022-09-04 12:02:37');
INSERT INTO `post` (`id`, `title`, `description`, `category`, `tag`, `image`, `featured`, `video`, `trending`, `spotlight`, `editorial`, `homemainnews`, `homemainnewsslider`, `homemorenews`, `catmainnews`, `catmainnewsslider`, `catmorenews`, `viewcount`, `created_at`) VALUES
(25, 'Will Mamata be invited to join Hasina-Modi summit?', '<p style=\"box-sizing: inherit; margin-right: 0px; margin-bottom: 1.22222em; margin-left: 0px; padding: 0px; font-size: 18px; text-rendering: optimizelegibility; line-height: inherit; letter-spacing: 0.5px; color: rgb(0, 0, 0); font-family: &quot;Tiempos Headline&quot;, sans-serif; background-color: rgb(247, 247, 247);\"><span style=\"box-sizing: inherit; line-height: inherit; font-family: &quot;Tiempos Headline Medium&quot;, sans-serif;\">Although Bangladesh Prime Minister Sheikh Hasina\'s state visit to India next week was officially announced today (September 1, 2022) by the Indian External Affairs Ministry, there is no confirmation to speculations whether West Bengal Chief Minister Mamata Banerjee&nbsp;will be invited to join the delegation-level talks between India and Bangladesh.</span></p><p style=\"box-sizing: inherit; margin-right: 0px; margin-bottom: 1.22222em; margin-left: 0px; padding: 0px; font-size: 18px; text-rendering: optimizelegibility; line-height: inherit; letter-spacing: 0.5px; color: rgb(0, 0, 0); font-family: &quot;Tiempos Headline&quot;, sans-serif; background-color: rgb(247, 247, 247);\">Asked if any chief minister of Indian states bordering Bangladesh has been invited to the delegation-level talks to be led by Hasina and Indian Prime Minister Narendra Modi in New Delhi, MEA spokesperson Arindam Bagchi told the media in New Delhi that he does not yet have the details of the composition of the Indian delegation.</p><p style=\"box-sizing: inherit; margin-right: 0px; margin-bottom: 1.22222em; margin-left: 0px; padding: 0px; font-size: 18px; text-rendering: optimizelegibility; line-height: inherit; letter-spacing: 0.5px; color: rgb(0, 0, 0); font-family: &quot;Tiempos Headline&quot;, sans-serif; background-color: rgb(247, 247, 247);\">Hasina\'s letter to Mamata last July had triggered speculations about the possible presence of the chief minister during the Bangladesh PM\'s forthcoming visit to India and if the Teesta deal would once again come up for discussion between the two.</p><p style=\"box-sizing: inherit; margin-right: 0px; margin-bottom: 1.22222em; margin-left: 0px; padding: 0px; font-size: 18px; text-rendering: optimizelegibility; line-height: inherit; letter-spacing: 0.5px; color: rgb(0, 0, 0); font-family: &quot;Tiempos Headline&quot;, sans-serif; background-color: rgb(247, 247, 247);\">The last time Mamata had met Hasina in New Delhi was in April, 2017 when she had explained to the visiting PM the difficulties in sharing the Teesta river water with Bangladesh. Instead, she had at that time suggested that the water of other small rivers which also flow into Bangladesh from West Bengal can be shared.</p><p style=\"box-sizing: inherit; margin-right: 0px; margin-bottom: 1.22222em; margin-left: 0px; padding: 0px; font-size: 18px; text-rendering: optimizelegibility; line-height: inherit; letter-spacing: 0.5px; color: rgb(0, 0, 0); font-family: &quot;Tiempos Headline&quot;, sans-serif; background-color: rgb(247, 247, 247);\"><span style=\"box-sizing: inherit; line-height: inherit; font-family: &quot;Tiempos Headline Medium&quot;, sans-serif;\">Bangladesh Prime Minister Sheikh Hasina will pay a four-day state visit to India from September 5 to 8, the Indian External Affairs Ministry announced today (September 1, 2022).</span></p><p style=\"box-sizing: inherit; margin-right: 0px; margin-bottom: 1.22222em; margin-left: 0px; padding: 0px; font-size: 18px; text-rendering: optimizelegibility; line-height: inherit; letter-spacing: 0.5px; color: rgb(0, 0, 0); font-family: &quot;Tiempos Headline&quot;, sans-serif; background-color: rgb(247, 247, 247);\">During her visit, Hasina will call on India\'s President Droupadi Murmu, Vice President Jagdeep Dhankar and hold bilateral consultations with Prime Minister Narendra Modi, external&nbsp;ministry&nbsp;spokesperson Arindam Bagchi told a media briefing.</p><p style=\"box-sizing: inherit; margin-right: 0px; margin-bottom: 1.22222em; margin-left: 0px; padding: 0px; font-size: 18px; text-rendering: optimizelegibility; line-height: inherit; letter-spacing: 0.5px; color: rgb(0, 0, 0); font-family: &quot;Tiempos Headline&quot;, sans-serif; background-color: rgb(247, 247, 247);\">\"The forthcoming visit of her excellency Prime Minister Sheikh Hasina will further strengthen the existing multifaceted relationship between our two countries based on strong historical and cultural ties,\" Bagchi said.</p><p style=\"box-sizing: inherit; margin-right: 0px; margin-bottom: 1.22222em; margin-left: 0px; padding: 0px; font-size: 18px; text-rendering: optimizelegibility; line-height: inherit; letter-spacing: 0.5px; color: rgb(0, 0, 0); font-family: &quot;Tiempos Headline&quot;, sans-serif; background-color: rgb(247, 247, 247);\"><div class=\"mb-20 mr-20 hide-for-print dfp-tag-wrapper text-center \" style=\"box-sizing: inherit; margin-top: 0px; margin-left: 0px; padding: 0px; letter-spacing: normal; margin-right: 20px !important; margin-bottom: 20px !important;\"><div id=\"dfp-ad-en_five_banner-wrapper\" class=\"dfp-tag-wrapper\" style=\"box-sizing: inherit; margin: 0px; padding: 0px;\"><pubguru data-pg-ad=\"en_five_banner\" class=\"pg-loaded\" id=\"pg-ad-nchn9agn\" data-google-query-id=\"CJLI06Xx8_kCFV3bcwEdE74OAw\" style=\"box-sizing: inherit;\"></pubguru></div></div></p><p style=\"box-sizing: inherit; margin: 0px 0px 1.22222em; padding: 0px; font-size: 18px; text-rendering: optimizelegibility; line-height: inherit; letter-spacing: 0.5px; color: rgb(0, 0, 0); font-family: &quot;Tiempos Headline&quot;, sans-serif; font-style: normal; font-variant-ligatures: normal; font-variant-caps: normal; font-weight: 400; orphans: 2; text-align: start; text-indent: 0px; text-transform: none; white-space: normal; widows: 2; word-spacing: 0px; -webkit-text-stroke-width: 0px; background-color: rgb(247, 247, 247); text-decoration-thickness: initial; text-decoration-style: initial; text-decoration-color: initial;\">Hasina had last visited India in October, 2019.</p>', 2, '5', '6310cc237def84181.jpg', NULL, NULL, NULL, NULL, NULL, NULL, NULL, 1, 1, 1, 1, 2, '2022-09-04 11:32:22'),
(26, 'Soft loan to Bangladesh: S Korea raises it to $3 billion', '<p style=\"box-sizing: inherit; margin-right: 0px; margin-bottom: 1.22222em; margin-left: 0px; padding: 0px; font-size: 18px; text-rendering: optimizelegibility; line-height: inherit; letter-spacing: 0.5px; color: rgb(0, 0, 0); font-family: &quot;Tiempos Headline&quot;, sans-serif; background-color: rgb(247, 247, 247);\">South Korea will increase the amount of its soft loan to Bangladesh up to $3 billion under a five-year agreement to help the country smoothly graduate from the LDC status in 2026.</p><p style=\"box-sizing: inherit; margin-right: 0px; margin-bottom: 1.22222em; margin-left: 0px; padding: 0px; font-size: 18px; text-rendering: optimizelegibility; line-height: inherit; letter-spacing: 0.5px; color: rgb(0, 0, 0); font-family: &quot;Tiempos Headline&quot;, sans-serif; background-color: rgb(247, 247, 247);\">Lee Jang-keun, Korean ambassador to Bangladesh, made the announcement at an event organised by the Diplomatic Correspondents Association Bangladesh at the National Press Club yesterday.</p><p style=\"box-sizing: inherit; margin-right: 0px; margin-bottom: 1.22222em; margin-left: 0px; padding: 0px; font-size: 18px; text-rendering: optimizelegibility; line-height: inherit; letter-spacing: 0.5px; color: rgb(0, 0, 0); font-family: &quot;Tiempos Headline&quot;, sans-serif; background-color: rgb(247, 247, 247);\">We might go for big projects related to infrastructure, ICT, education, transportation, energy, and environment. But we will still need to discuss it with the Bangladesh government.</p><p style=\"box-sizing: inherit; margin-right: 0px; margin-bottom: 1.22222em; margin-left: 0px; padding: 0px; font-size: 18px; text-rendering: optimizelegibility; line-height: inherit; letter-spacing: 0.5px; color: rgb(0, 0, 0); font-family: &quot;Tiempos Headline&quot;, sans-serif; background-color: rgb(247, 247, 247);\"><div class=\"mb-20 mr-20 hide-for-print dfp-tag-wrapper text-center \" style=\"box-sizing: inherit; margin-top: 0px; margin-left: 0px; padding: 0px; letter-spacing: normal; margin-right: 20px !important; margin-bottom: 20px !important;\"><div id=\"dfp-ad-en_four_banner-wrapper\" class=\"dfp-tag-wrapper\" style=\"box-sizing: inherit; margin: 0px; padding: 0px;\"><pubguru data-pg-ad=\"en_four_banner\" class=\"pg-loaded\" id=\"pg-ad-49hiiknd\" data-google-query-id=\"CIbwvq3x8_kCFUnUcwEdbN0MKQ\" style=\"box-sizing: inherit;\"></pubguru></div></div></p><p style=\"box-sizing: inherit; margin: 0px 0px 1.22222em; padding: 0px; font-size: 18px; text-rendering: optimizelegibility; line-height: inherit; letter-spacing: 0.5px; color: rgb(0, 0, 0); font-family: &quot;Tiempos Headline&quot;, sans-serif; font-style: normal; font-variant-ligatures: normal; font-variant-caps: normal; font-weight: 400; orphans: 2; text-align: start; text-indent: 0px; text-transform: none; white-space: normal; widows: 2; word-spacing: 0px; -webkit-text-stroke-width: 0px; background-color: rgb(247, 247, 247); text-decoration-thickness: initial; text-decoration-style: initial; text-decoration-color: initial;\">\"With this increase [in the soft loan], Korea can now assist Bangladesh with bigger development projects. I believe this will help Bangladesh for the smooth graduation from LDC [status] in 2026.\"</p><p style=\"box-sizing: inherit; margin-right: 0px; margin-bottom: 1.22222em; margin-left: 0px; padding: 0px; font-size: 18px; text-rendering: optimizelegibility; line-height: inherit; letter-spacing: 0.5px; color: rgb(0, 0, 0); font-family: &quot;Tiempos Headline&quot;, sans-serif; background-color: rgb(247, 247, 247);\">The South Korean authorities concerned are working with the Economic Relations Division of Bangladesh on finalising the projects, he said, adding that they are expecting to sign an agreement by the end of the year.</p><p style=\"box-sizing: inherit; margin-right: 0px; margin-bottom: 1.22222em; margin-left: 0px; padding: 0px; font-size: 18px; text-rendering: optimizelegibility; line-height: inherit; letter-spacing: 0.5px; color: rgb(0, 0, 0); font-family: &quot;Tiempos Headline&quot;, sans-serif; background-color: rgb(247, 247, 247);\">Mentioning that the previously agreed upon soft loan by the two governments was $700 million between 2021 and 2025, Lee Jang-keun said, \"Korea has decided to significantly increase the size of its soft loan -- what we call EDCF -- to Bangladesh to 3 billion dollars.\" He added that&nbsp; his country provides this loan at an interest rate lower than one percent and has a grace period of 15 years.</p><p style=\"box-sizing: inherit; margin-right: 0px; margin-bottom: 1.22222em; margin-left: 0px; padding: 0px; font-size: 18px; text-rendering: optimizelegibility; line-height: inherit; letter-spacing: 0.5px; color: rgb(0, 0, 0); font-family: &quot;Tiempos Headline&quot;, sans-serif; background-color: rgb(247, 247, 247);\">He further said the trade volume between Korea and Bangladesh reached a record high in 2021, crossing $2 billion.</p><p style=\"box-sizing: inherit; margin-right: 0px; margin-bottom: 1.22222em; margin-left: 0px; padding: 0px; font-size: 18px; text-rendering: optimizelegibility; line-height: inherit; letter-spacing: 0.5px; color: rgb(0, 0, 0); font-family: &quot;Tiempos Headline&quot;, sans-serif; background-color: rgb(247, 247, 247);\">The Korean ambassador said some 4,000 Bangladeshi workers are expected to go to Korea for work by the end of this year, with 3,000 having already migrated there.</p><p style=\"box-sizing: inherit; margin-right: 0px; margin-bottom: 1.22222em; margin-left: 0px; padding: 0px; font-size: 18px; text-rendering: optimizelegibility; line-height: inherit; letter-spacing: 0.5px; color: rgb(0, 0, 0); font-family: &quot;Tiempos Headline&quot;, sans-serif; background-color: rgb(247, 247, 247);\">Now a total of 10,000 Bangladeshis work in South Korea and the amount of the remittance they send is significant. It was $209 million in 2019-20.</p><p style=\"box-sizing: inherit; margin-right: 0px; margin-bottom: 1.22222em; margin-left: 0px; padding: 0px; font-size: 18px; text-rendering: optimizelegibility; line-height: inherit; letter-spacing: 0.5px; color: rgb(0, 0, 0); font-family: &quot;Tiempos Headline&quot;, sans-serif; background-color: rgb(247, 247, 247);\">He said there are now three Korean Technical Training Centres in Bangladesh and work on setting up two more is going on.</p><p style=\"box-sizing: inherit; margin-right: 0px; margin-bottom: 1.22222em; margin-left: 0px; padding: 0px; font-size: 18px; text-rendering: optimizelegibility; line-height: inherit; letter-spacing: 0.5px; color: rgb(0, 0, 0); font-family: &quot;Tiempos Headline&quot;, sans-serif; background-color: rgb(247, 247, 247);\">The Korean envoy said his country supports Bangladesh both in the areas of humanitarian assistance for the Rohingyas and at the international level for their sustainable repatriation. Korea provides $4-5 million yearly to support Rohingyas and the host community.</p>', 3, '4', '6310cc39d6a7f5665.jpg', NULL, NULL, NULL, NULL, NULL, NULL, NULL, 1, 1, 1, 1, 1, '2022-09-09 13:35:47'),
(27, 'Dhaka wants long-term fuel supply deal with Delhi', '<p style=\"box-sizing: inherit; margin-right: 0px; margin-bottom: 1.22222em; margin-left: 0px; padding: 0px; font-size: 18px; text-rendering: optimizelegibility; line-height: inherit; letter-spacing: 0.5px; color: rgb(0, 0, 0); font-family: &quot;Tiempos Headline&quot;, sans-serif; background-color: rgb(247, 247, 247);\">Dhaka is considering a long-term agreement with Delhi to buy fuel amid a global supply shortage of energy.</p><p style=\"box-sizing: inherit; margin-right: 0px; margin-bottom: 1.22222em; margin-left: 0px; padding: 0px; font-size: 18px; text-rendering: optimizelegibility; line-height: inherit; letter-spacing: 0.5px; color: rgb(0, 0, 0); font-family: &quot;Tiempos Headline&quot;, sans-serif; background-color: rgb(247, 247, 247);\">\"India is in a better position on the fuel issue. So, we will try to go for a long-term deal with them if they have surplus. But it will depend on how much surplus they have. They have their own supply and demand thing,\" said Foreign Secretary Masud Bin Momen yesterday.</p><p style=\"box-sizing: inherit; margin-right: 0px; margin-bottom: 1.22222em; margin-left: 0px; padding: 0px; font-size: 18px; text-rendering: optimizelegibility; line-height: inherit; letter-spacing: 0.5px; color: rgb(0, 0, 0); font-family: &quot;Tiempos Headline&quot;, sans-serif; background-color: rgb(247, 247, 247);\">The issue, among others, will be discussed during the prime minister\'s visit to India scheduled for September 5-8.</p><p style=\"box-sizing: inherit; margin-right: 0px; margin-bottom: 1.22222em; margin-left: 0px; padding: 0px; font-size: 18px; text-rendering: optimizelegibility; line-height: inherit; letter-spacing: 0.5px; color: rgb(0, 0, 0); font-family: &quot;Tiempos Headline&quot;, sans-serif; background-color: rgb(247, 247, 247);\">Russia faces sanctions from the US and EU following its invasion in Ukraine. India, however, managed to buy Russian fuel.</p>', 4, '3', '6310cc4c364008102.jpg', NULL, NULL, NULL, NULL, NULL, NULL, NULL, 1, 1, 1, 1, 0, '2022-09-04 10:59:30'),
(28, 'Improving connectivity, trade can be a game-changer', '<p style=\"box-sizing: inherit; margin-right: 0px; margin-bottom: 1.22222em; margin-left: 0px; padding: 0px; font-size: 18px; text-rendering: optimizelegibility; line-height: inherit; letter-spacing: 0.5px; color: rgb(0, 0, 0); font-family: &quot;Tiempos Headline&quot;, sans-serif; background-color: rgb(247, 247, 247);\">Improving trade and transport connectivity, alongside regulations and logistics, between India and Bangladesh, as well as other neighbouring countries can be a game-changer not only for the two countries but also for the entire region, said Indian High Commissioner Vikram Kumar Doraiswami yesterday.&nbsp;</p><p style=\"box-sizing: inherit; margin-right: 0px; margin-bottom: 1.22222em; margin-left: 0px; padding: 0px; font-size: 18px; text-rendering: optimizelegibility; line-height: inherit; letter-spacing: 0.5px; color: rgb(0, 0, 0); font-family: &quot;Tiempos Headline&quot;, sans-serif; background-color: rgb(247, 247, 247);\">He said currently, the big challenge of trade between the two countries is high cost, as most of the trade happens through land route, which is inefficient and not environmentally friendly. A truck cannot carry more than 15 tonnes of goods, and mostly has to use one land route.&nbsp;</p><p style=\"box-sizing: inherit; margin-right: 0px; margin-bottom: 1.22222em; margin-left: 0px; padding: 0px; font-size: 18px; text-rendering: optimizelegibility; line-height: inherit; letter-spacing: 0.5px; color: rgb(0, 0, 0); font-family: &quot;Tiempos Headline&quot;, sans-serif; background-color: rgb(247, 247, 247);\">\"If you think about that, this is a recipe for creating monopoly. This is one of the reasons why our trade is so expensive and so difficult,\" Doraiswami said at a views-exchange meeting with the Editors Council at a city hotel yesterday, ahead of the prime minister\'s visit to India next week.</p><p style=\"box-sizing: inherit; margin-right: 0px; margin-bottom: 1.22222em; margin-left: 0px; padding: 0px; font-size: 18px; text-rendering: optimizelegibility; line-height: inherit; letter-spacing: 0.5px; color: rgb(0, 0, 0); font-family: &quot;Tiempos Headline&quot;, sans-serif; background-color: rgb(247, 247, 247);\">He spoke on various issues of bilateral relationship and sub-regional cooperation. He said Bangladesh and India have resolved many of the major issues, including complex ones like land and maritime boundary disputes, and the relationship is much more mature than what it was 20 years ago.</p><div class=\"mb-20 mr-20 hide-for-print dfp-tag-wrapper text-center \" style=\"box-sizing: inherit; margin-top: 0px; margin-left: 0px; padding: 0px; color: rgb(0, 0, 0); font-family: &quot;Tiempos Headline&quot;, sans-serif; font-size: 18px; background-color: rgb(247, 247, 247); margin-right: 20px !important; margin-bottom: 20px !important;\"><div id=\"dfp-ad-en_four_banner-wrapper\" class=\"dfp-tag-wrapper\" style=\"box-sizing: inherit; margin: 0px; padding: 0px;\"></div></div><p style=\"box-sizing: inherit; margin-right: 0px; margin-bottom: 1.22222em; margin-left: 0px; padding: 0px; font-size: 18px; text-rendering: optimizelegibility; line-height: inherit; letter-spacing: 0.5px; color: rgb(0, 0, 0); font-family: &quot;Tiempos Headline&quot;, sans-serif; background-color: rgb(247, 247, 247);\">Doraiswami called for simplifying transport regulations and logistics as well as diversifying the connectivity routes -- which can be rivers, seas and rail -- that are low cost and environment-friendly.</p><p style=\"box-sizing: inherit; margin-right: 0px; margin-bottom: 1.22222em; margin-left: 0px; padding: 0px; font-size: 18px; text-rendering: optimizelegibility; line-height: inherit; letter-spacing: 0.5px; color: rgb(0, 0, 0); font-family: &quot;Tiempos Headline&quot;, sans-serif; background-color: rgb(247, 247, 247);\">India is also keen to have Bangladesh use Indian ports and railways for its export to developing countries like Nepal and Bhutan, and even to Europe.</p><p style=\"box-sizing: inherit; margin-right: 0px; margin-bottom: 1.22222em; margin-left: 0px; padding: 0px; font-size: 18px; text-rendering: optimizelegibility; line-height: inherit; letter-spacing: 0.5px; color: rgb(0, 0, 0); font-family: &quot;Tiempos Headline&quot;, sans-serif; background-color: rgb(247, 247, 247);\">The Indian envoy said sub-regionalism is a need of the time for the greater good of the regional countries.</p><div class=\"mb-20 mr-20 hide-for-print dfp-tag-wrapper text-center \" style=\"box-sizing: inherit; margin-top: 0px; margin-left: 0px; padding: 0px; color: rgb(0, 0, 0); font-family: &quot;Tiempos Headline&quot;, sans-serif; font-size: 18px; background-color: rgb(247, 247, 247); margin-right: 20px !important; margin-bottom: 20px !important;\"><div id=\"dfp-ad-en_five_banner-wrapper\" class=\"dfp-tag-wrapper\" style=\"box-sizing: inherit; margin: 0px; padding: 0px;\"></div></div><p style=\"box-sizing: inherit; margin-right: 0px; margin-bottom: 1.22222em; margin-left: 0px; padding: 0px; font-size: 18px; text-rendering: optimizelegibility; line-height: inherit; letter-spacing: 0.5px; color: rgb(0, 0, 0); font-family: &quot;Tiempos Headline&quot;, sans-serif; background-color: rgb(247, 247, 247);\">\"It is important that we look at greater port, energy, and economic interconnectivity at least among the four to five countries that are willing. BIMSTEC is one such mechanism to reach it,\" he said.</p><p style=\"box-sizing: inherit; margin-right: 0px; margin-bottom: 1.22222em; margin-left: 0px; padding: 0px; font-size: 18px; text-rendering: optimizelegibility; line-height: inherit; letter-spacing: 0.5px; color: rgb(0, 0, 0); font-family: &quot;Tiempos Headline&quot;, sans-serif; background-color: rgb(247, 247, 247);\">However, the infrastructure is not fully ready for that. For example, energy connectivity, which India is very keen about, is long overdue, but for that to happen, the transmission connectivity should be established.</p><p style=\"box-sizing: inherit; margin-right: 0px; margin-bottom: 1.22222em; margin-left: 0px; padding: 0px; font-size: 18px; text-rendering: optimizelegibility; line-height: inherit; letter-spacing: 0.5px; color: rgb(0, 0, 0); font-family: &quot;Tiempos Headline&quot;, sans-serif; background-color: rgb(247, 247, 247);\">The existing connectivity that is in place is already completely booked. Presently, there is an asynchronous connection line from Bahrampur to Bheramara for supplying about 1,000 MW of electricity from the Indian grid. Another 160 MW comes from Tripura on the radial route. Except for these lines, there is no other connectivity.</p><p style=\"box-sizing: inherit; margin-right: 0px; margin-bottom: 1.22222em; margin-left: 0px; padding: 0px; font-size: 18px; text-rendering: optimizelegibility; line-height: inherit; letter-spacing: 0.5px; color: rgb(0, 0, 0); font-family: &quot;Tiempos Headline&quot;, sans-serif; background-color: rgb(247, 247, 247);\">Doraiswami said India has been very keen to develop synchronous grid connectivity, which will seamlessly ensure grid stability across the region. In that case, investments will also come in renewable energy. It will also allow seamless purchase of power from Bhutan and Nepal.</p><p style=\"box-sizing: inherit; margin-right: 0px; margin-bottom: 1.22222em; margin-left: 0px; padding: 0px; font-size: 18px; text-rendering: optimizelegibility; line-height: inherit; letter-spacing: 0.5px; color: rgb(0, 0, 0); font-family: &quot;Tiempos Headline&quot;, sans-serif; background-color: rgb(247, 247, 247);\">On the subject of the BIN (Bangladesh, India, Nepal) arrangement, he said India and Nepal currently have a reciprocal motor vehicle agreement, while Bhutan has a non-reciprocal motor vehicle agreement with India.</p><p style=\"box-sizing: inherit; margin-right: 0px; margin-bottom: 1.22222em; margin-left: 0px; padding: 0px; font-size: 18px; text-rendering: optimizelegibility; line-height: inherit; letter-spacing: 0.5px; color: rgb(0, 0, 0); font-family: &quot;Tiempos Headline&quot;, sans-serif; background-color: rgb(247, 247, 247);\">For Nepal and Bhutan, the net benefit of BIN is small compared to the benefit for Bangladesh and India. The opening transport connectivity benefit for the two countries is huge, Doraiswami said.</p><p style=\"box-sizing: inherit; margin-right: 0px; margin-bottom: 1.22222em; margin-left: 0px; padding: 0px; font-size: 18px; text-rendering: optimizelegibility; line-height: inherit; letter-spacing: 0.5px; color: rgb(0, 0, 0); font-family: &quot;Tiempos Headline&quot;, sans-serif; background-color: rgb(247, 247, 247);\">\"So, if we have transport connectivity for passenger and goods vehicles, we would do it for the benefits of both Bangladesh and India. Ninety percent of your [Bangladesh] land border is with us. so, it will open up transportation connectivity to the entire sub-region.\"</p><p style=\"box-sizing: inherit; margin-right: 0px; margin-bottom: 1.22222em; margin-left: 0px; padding: 0px; font-size: 18px; text-rendering: optimizelegibility; line-height: inherit; letter-spacing: 0.5px; color: rgb(0, 0, 0); font-family: &quot;Tiempos Headline&quot;, sans-serif; background-color: rgb(247, 247, 247);\">This connectivity can also be expanded much further, for instance maritime connectivity, he said, adding that currently there is no direct shipping connectivity between Bangladesh and India.</p><p style=\"box-sizing: inherit; margin-right: 0px; margin-bottom: 1.22222em; margin-left: 0px; padding: 0px; font-size: 18px; text-rendering: optimizelegibility; line-height: inherit; letter-spacing: 0.5px; color: rgb(0, 0, 0); font-family: &quot;Tiempos Headline&quot;, sans-serif; background-color: rgb(247, 247, 247);\">\"The goods that have to go by sea between Bangladesh and India go via Port Klang or Singapore or Colombo. If you look at the map, this is ridiculous,\" he said.</p><p style=\"box-sizing: inherit; margin-right: 0px; margin-bottom: 1.22222em; margin-left: 0px; padding: 0px; font-size: 18px; text-rendering: optimizelegibility; line-height: inherit; letter-spacing: 0.5px; color: rgb(0, 0, 0); font-family: &quot;Tiempos Headline&quot;, sans-serif; background-color: rgb(247, 247, 247);\">Doraiswami said it is important to note that while the narrative of the bilateral relationship has improved vastly, the impression between the two countries is not always based on facts, which needs to be looked into.</p><p style=\"box-sizing: inherit; margin-right: 0px; margin-bottom: 1.22222em; margin-left: 0px; padding: 0px; font-size: 18px; text-rendering: optimizelegibility; line-height: inherit; letter-spacing: 0.5px; color: rgb(0, 0, 0); font-family: &quot;Tiempos Headline&quot;, sans-serif; background-color: rgb(247, 247, 247);\">Asked about the NRC implementation in Assam, he said there are misconceptions here about this. \"It was done under Supreme Court orders, as part of a process that predates the current and several previous state governments.&nbsp; There is no decision on it that has implications outside India, as our previous foreign secretary has said here.\"</p><p style=\"box-sizing: inherit; margin-right: 0px; margin-bottom: 1.22222em; margin-left: 0px; padding: 0px; font-size: 18px; text-rendering: optimizelegibility; line-height: inherit; letter-spacing: 0.5px; color: rgb(0, 0, 0); font-family: &quot;Tiempos Headline&quot;, sans-serif; background-color: rgb(247, 247, 247);\">\"The [Bangladesh] prime minister\'s visit to India is a milestone event, but it is also part of the larger process that will take the bilateral relationship to the next level,\" he added.</p><p style=\"box-sizing: inherit; margin-right: 0px; margin-bottom: 1.22222em; margin-left: 0px; padding: 0px; font-size: 18px; text-rendering: optimizelegibility; line-height: inherit; letter-spacing: 0.5px; color: rgb(0, 0, 0); font-family: &quot;Tiempos Headline&quot;, sans-serif; background-color: rgb(247, 247, 247);\">Prothom Alo Editor Matiur Rahman, Ajker Patrika Editor Golam Rahman, New Age Editor Nurul Kabir, Bhorer Kagoj Editor Shyamal Dutta, Ittefaq Editor Tasmima Hossain, Samakal Editor Mozammel Hossain, Bonik Barta Editor Dewan Hanif Mahmud, Sangbad Editor Altamash Kabir and Dhaka Tribune Editor Zafar Sobhan were present in the meeting.</p><p style=\"box-sizing: inherit; margin-right: 0px; margin-bottom: 1.22222em; margin-left: 0px; padding: 0px; font-size: 18px; text-rendering: optimizelegibility; line-height: inherit; letter-spacing: 0.5px; color: rgb(0, 0, 0); font-family: &quot;Tiempos Headline&quot;, sans-serif; background-color: rgb(247, 247, 247);\">Mahfuz Anam, editor of The Daily Star and president of the Editors\' Council, moderated the discussion.&nbsp;</p>', 5, '2', '6310cdb7df7fa8873.jpg', NULL, NULL, NULL, NULL, NULL, NULL, NULL, 1, 1, 1, 1, 3, '2022-09-09 13:35:02'),
(29, 'Next polls will be a better one', '<p style=\"box-sizing: inherit; margin-right: 0px; margin-bottom: 1.22222em; margin-left: 0px; padding: 0px; font-size: 18px; text-rendering: optimizelegibility; line-height: inherit; letter-spacing: 0.5px; color: rgb(0, 0, 0); font-family: &quot;Tiempos Headline&quot;, sans-serif; background-color: rgb(247, 247, 247);\">Japanese Ambassador to Bangladesh Ito Naoki yesterday said they expect the next general election in Bangladesh would be a better one.</p><p style=\"box-sizing: inherit; margin-right: 0px; margin-bottom: 1.22222em; margin-left: 0px; padding: 0px; font-size: 18px; text-rendering: optimizelegibility; line-height: inherit; letter-spacing: 0.5px; color: rgb(0, 0, 0); font-family: &quot;Tiempos Headline&quot;, sans-serif; background-color: rgb(247, 247, 247);\">He was talking to reporters after a meeting with Chief Election Commissioner Kazi Habibul Awal at the latter\'s office in the capital.</p><p style=\"box-sizing: inherit; margin-right: 0px; margin-bottom: 1.22222em; margin-left: 0px; padding: 0px; font-size: 18px; text-rendering: optimizelegibility; line-height: inherit; letter-spacing: 0.5px; color: rgb(0, 0, 0); font-family: &quot;Tiempos Headline&quot;, sans-serif; background-color: rgb(247, 247, 247);\">\"Election is drawing near; you have still one year and three to four months. So, I do hope that with efforts of the government, particularly the chief election commissioner and the Election Commission, the next general election will be a free, fair and participatory one. We do really hope that the next general election will be a better one,\" he said.</p><p style=\"box-sizing: inherit; margin-right: 0px; margin-bottom: 1.22222em; margin-left: 0px; padding: 0px; font-size: 18px; text-rendering: optimizelegibility; line-height: inherit; letter-spacing: 0.5px; color: rgb(0, 0, 0); font-family: &quot;Tiempos Headline&quot;, sans-serif; background-color: rgb(247, 247, 247);\">The envoy added that he visited the chief election commissioner and learnt about preparations of a free and fair election.</p><div class=\"mb-20 mr-20 hide-for-print dfp-tag-wrapper text-center \" style=\"box-sizing: inherit; margin-top: 0px; margin-left: 0px; padding: 0px; color: rgb(0, 0, 0); font-family: &quot;Tiempos Headline&quot;, sans-serif; font-size: 18px; background-color: rgb(247, 247, 247); margin-right: 20px !important; margin-bottom: 20px !important;\"><div id=\"dfp-ad-en_four_banner-wrapper\" class=\"dfp-tag-wrapper\" style=\"box-sizing: inherit; margin: 0px; padding: 0px;\"></div></div><p style=\"box-sizing: inherit; margin-right: 0px; margin-bottom: 1.22222em; margin-left: 0px; padding: 0px; font-size: 18px; text-rendering: optimizelegibility; line-height: inherit; letter-spacing: 0.5px; color: rgb(0, 0, 0); font-family: &quot;Tiempos Headline&quot;, sans-serif; background-color: rgb(247, 247, 247);\">\"The chief election commissioner talked about the EVM system and how it has been developed and the decision of using EVM in as many as 150 constituencies. We hope that it will be instrumental in ensuring a free, fair and participatory elections,\" Naoki added.&nbsp;&nbsp;</p><p style=\"box-sizing: inherit; margin-right: 0px; margin-bottom: 1.22222em; margin-left: 0px; padding: 0px; font-size: 18px; text-rendering: optimizelegibility; line-height: inherit; letter-spacing: 0.5px; color: rgb(0, 0, 0); font-family: &quot;Tiempos Headline&quot;, sans-serif; background-color: rgb(247, 247, 247);\">The foreign ministry yesterday summoned Myanmar Ambassador Aung Kyaw Moe to its office and lodged a strong protest over firing of mortar shells into Bangladesh territory from Myanmar a day earlier.</p><p style=\"box-sizing: inherit; margin-right: 0px; margin-bottom: 1.22222em; margin-left: 0px; padding: 0px; font-size: 18px; text-rendering: optimizelegibility; line-height: inherit; letter-spacing: 0.5px; color: rgb(0, 0, 0); font-family: &quot;Tiempos Headline&quot;, sans-serif; background-color: rgb(247, 247, 247);\">\"We have lodged a strong protest with Myanmar so that such incidents do not happen again. We have also strongly condemned the incident,\" Foreign Secretary Masud Bin Momen told reporters at the ministry office.</p><p style=\"box-sizing: inherit; margin-right: 0px; margin-bottom: 1.22222em; margin-left: 0px; padding: 0px; font-size: 18px; text-rendering: optimizelegibility; line-height: inherit; letter-spacing: 0.5px; color: rgb(0, 0, 0); font-family: &quot;Tiempos Headline&quot;, sans-serif; background-color: rgb(247, 247, 247);\">He said a note verbale was handed over to the envoy.</p><p style=\"box-sizing: inherit; margin-right: 0px; margin-bottom: 1.22222em; margin-left: 0px; padding: 0px; font-size: 18px; text-rendering: optimizelegibility; line-height: inherit; letter-spacing: 0.5px; color: rgb(0, 0, 0); font-family: &quot;Tiempos Headline&quot;, sans-serif; background-color: rgb(247, 247, 247);\">On Sunday, the foreign secretary said it would first be investigated whether the firing of unexploded mortar shells on the Bangladesh border was an accident or intentional.</p><div class=\"mb-20 mr-20 hide-for-print dfp-tag-wrapper text-center \" style=\"box-sizing: inherit; margin-top: 0px; margin-left: 0px; padding: 0px; color: rgb(0, 0, 0); font-family: &quot;Tiempos Headline&quot;, sans-serif; font-size: 18px; background-color: rgb(247, 247, 247); margin-right: 20px !important; margin-bottom: 20px !important;\"><div id=\"dfp-ad-en_four_banner-wrapper\" class=\"dfp-tag-wrapper\" style=\"box-sizing: inherit; margin: 0px; padding: 0px;\"></div></div><p style=\"box-sizing: inherit; margin-right: 0px; margin-bottom: 1.22222em; margin-left: 0px; padding: 0px; font-size: 18px; text-rendering: optimizelegibility; line-height: inherit; letter-spacing: 0.5px; color: rgb(0, 0, 0); font-family: &quot;Tiempos Headline&quot;, sans-serif; background-color: rgb(247, 247, 247);\">Meanwhile, Border Guard Bangladesh (BGB) has stepped up vigilance along Bangladesh-Myanmar border in Bandarban after two Myanmar mortar shells landed in an area near Tambru in Bandarban\'s Naikhongchhari upazila on Sunday afternoon.</p><p style=\"box-sizing: inherit; margin-right: 0px; margin-bottom: 1.22222em; margin-left: 0px; padding: 0px; font-size: 18px; text-rendering: optimizelegibility; line-height: inherit; letter-spacing: 0.5px; color: rgb(0, 0, 0); font-family: &quot;Tiempos Headline&quot;, sans-serif; background-color: rgb(247, 247, 247);\">Locals were panicked seeing the unexploded mortar shells.</p>', 6, '5', '6310cdcd6a05e9041.jpg', NULL, NULL, NULL, NULL, NULL, NULL, NULL, 1, 1, 1, 1, 0, '2022-09-04 10:59:33');

-- --------------------------------------------------------

--
-- Table structure for table `role`
--

CREATE TABLE `role` (
  `id` int(11) NOT NULL,
  `role` varchar(255) NOT NULL,
  `role_name` varchar(255) NOT NULL
) ENGINE=InnoDB DEFAULT CHARSET=latin1;

--
-- Dumping data for table `role`
--

INSERT INTO `role` (`id`, `role`, `role_name`) VALUES
(1, 'superadmin', 'Super Admin'),
(2, 'admin', 'Admin');

-- --------------------------------------------------------

--
-- Table structure for table `tag`
--

CREATE TABLE `tag` (
  `id` int(11) NOT NULL,
  `name` varchar(255) NOT NULL
) ENGINE=InnoDB DEFAULT CHARSET=utf8mb4;

--
-- Dumping data for table `tag`
--

INSERT INTO `tag` (`id`, `name`) VALUES
(2, 'Lifestyle'),
(3, 'Health'),
(4, 'Corporate'),
(5, 'World');

-- --------------------------------------------------------

--
-- Table structure for table `user`
--

CREATE TABLE `user` (
  `id` int(11) NOT NULL,
  `name` varchar(255) NOT NULL,
  `email` varchar(255) NOT NULL,
  `contact` varchar(255) NOT NULL,
  `username` varchar(255) NOT NULL,
  `password` varchar(255) NOT NULL,
  `status` tinyint(1) NOT NULL DEFAULT 1 COMMENT '1-> active, 0 -> inactive',
  `role_id` int(11) NOT NULL,
  `createdat` timestamp NOT NULL DEFAULT current_timestamp() ON UPDATE current_timestamp(),
  `createdby` int(11) NOT NULL DEFAULT 1,
  `updatedat` datetime DEFAULT NULL,
  `updatedby` int(11) NOT NULL DEFAULT 1,
  `deletedat` datetime DEFAULT NULL
) ENGINE=InnoDB DEFAULT CHARSET=utf8mb4;

--
-- Dumping data for table `user`
--

INSERT INTO `user` (`id`, `name`, `email`, `contact`, `username`, `password`, `status`, `role_id`, `createdat`, `createdby`, `updatedat`, `updatedby`, `deletedat`) VALUES
(1, 'Kamal', 'kamal@yahoo.com', '01234567891', 'kamal', '7c4a8d09ca3762af61e59520943dc26494f8941b', 1, 1, '2022-08-21 16:10:14', 1, NULL, 1, NULL),
(2, 'jamal', 'jamal@yahoo.com', '01234567891', 'jamal', '7c4a8d09ca3762af61e59520943dc26494f8941b', 1, 2, '2022-08-29 09:20:55', 1, NULL, 1, NULL);

--
-- Indexes for dumped tables
--

--
-- Indexes for table `advertisement`
--
ALTER TABLE `advertisement`
  ADD PRIMARY KEY (`id`) USING BTREE;

--
-- Indexes for table `ad_location`
--
ALTER TABLE `ad_location`
  ADD PRIMARY KEY (`id`);

--
-- Indexes for table `category`
--
ALTER TABLE `category`
  ADD PRIMARY KEY (`id`);

--
-- Indexes for table `comment`
--
ALTER TABLE `comment`
  ADD PRIMARY KEY (`id`);

--
-- Indexes for table `contact`
--
ALTER TABLE `contact`
  ADD PRIMARY KEY (`id`);

--
-- Indexes for table `media`
--
ALTER TABLE `media`
  ADD PRIMARY KEY (`id`);

--
-- Indexes for table `newsletter`
--
ALTER TABLE `newsletter`
  ADD PRIMARY KEY (`id`);

--
-- Indexes for table `post`
--
ALTER TABLE `post`
  ADD PRIMARY KEY (`id`);

--
-- Indexes for table `role`
--
ALTER TABLE `role`
  ADD PRIMARY KEY (`id`);

--
-- Indexes for table `tag`
--
ALTER TABLE `tag`
  ADD PRIMARY KEY (`id`);

--
-- Indexes for table `user`
--
ALTER TABLE `user`
  ADD PRIMARY KEY (`id`);

--
-- AUTO_INCREMENT for dumped tables
--

--
-- AUTO_INCREMENT for table `advertisement`
--
ALTER TABLE `advertisement`
  MODIFY `id` int(11) NOT NULL AUTO_INCREMENT, AUTO_INCREMENT=13;

--
-- AUTO_INCREMENT for table `ad_location`
--
ALTER TABLE `ad_location`
  MODIFY `id` int(11) NOT NULL AUTO_INCREMENT, AUTO_INCREMENT=5;

--
-- AUTO_INCREMENT for table `category`
--
ALTER TABLE `category`
  MODIFY `id` int(11) NOT NULL AUTO_INCREMENT, AUTO_INCREMENT=7;

--
-- AUTO_INCREMENT for table `comment`
--
ALTER TABLE `comment`
  MODIFY `id` int(11) NOT NULL AUTO_INCREMENT, AUTO_INCREMENT=6;

--
-- AUTO_INCREMENT for table `contact`
--
ALTER TABLE `contact`
  MODIFY `id` int(11) NOT NULL AUTO_INCREMENT, AUTO_INCREMENT=4;

--
-- AUTO_INCREMENT for table `media`
--
ALTER TABLE `media`
  MODIFY `id` int(11) NOT NULL AUTO_INCREMENT, AUTO_INCREMENT=25;

--
-- AUTO_INCREMENT for table `newsletter`
--
ALTER TABLE `newsletter`
  MODIFY `id` int(11) NOT NULL AUTO_INCREMENT, AUTO_INCREMENT=3;

--
-- AUTO_INCREMENT for table `post`
--
ALTER TABLE `post`
  MODIFY `id` int(11) NOT NULL AUTO_INCREMENT, AUTO_INCREMENT=30;

--
-- AUTO_INCREMENT for table `role`
--
ALTER TABLE `role`
  MODIFY `id` int(11) NOT NULL AUTO_INCREMENT, AUTO_INCREMENT=3;

--
-- AUTO_INCREMENT for table `tag`
--
ALTER TABLE `tag`
  MODIFY `id` int(11) NOT NULL AUTO_INCREMENT, AUTO_INCREMENT=6;

--
-- AUTO_INCREMENT for table `user`
--
ALTER TABLE `user`
  MODIFY `id` int(11) NOT NULL AUTO_INCREMENT, AUTO_INCREMENT=3;
COMMIT;

/*!40101 SET CHARACTER_SET_CLIENT=@OLD_CHARACTER_SET_CLIENT */;
/*!40101 SET CHARACTER_SET_RESULTS=@OLD_CHARACTER_SET_RESULTS */;
/*!40101 SET COLLATION_CONNECTION=@OLD_COLLATION_CONNECTION */;
